Bore hole,Pressure (kPa) ,Adsorption (cc/g),Ash (%),Moisture(%),Fixed Carbon (%),Volatile matter (%),Carbon (%),Hydrogen (%),Nitrogen (%),Sulphur (%),Oxygen (%),Vitrinite (%),Inertinite (%),Liptinite (%),Mineral matter (%),Mean (Reflectance) Ro%,VL(cc/g)ADB,PL(Kpa) (ADB),VL(cc/g) (DAF),PL(Kpa) (DAF),Gas Content (cc/g) ADB,Gas Content (cc/g) DAF
BH A/12,372.826087,1,25.4,3.2,59.9,40.1,80.3,5.5,2.5,0.6,11.1,30.8,31.5,18.3,19.4,0.72,16.2,5900,22.8,5900,9.3,13.03
,881.0344828,2.137931034,25.4,3.2,59.9,40.1,80.3,5.5,2.5,0.6,11.1,30.8,31.5,18.3,19.4,0.72,16.2,5900,22.8,5900,9.3,13.03
,1727.640346,3.551724138,25.4,3.2,59.9,40.1,80.3,5.5,2.5,0.6,11.1,30.8,31.5,18.3,19.4,0.72,16.2,5900,22.8,5900,9.3,13.03
,2709.336998,4.75862069,25.4,3.2,59.9,40.1,80.3,5.5,2.5,0.6,11.1,30.8,31.5,18.3,19.4,0.72,16.2,5900,22.8,5900,9.3,13.03
,3725.112444,6.275862069,25.4,3.2,59.9,40.1,80.3,5.5,2.5,0.6,11.1,30.8,31.5,18.3,19.4,0.72,16.2,5900,22.8,5900,9.3,13.03
,4689.871731,7.448275862,25.4,3.2,59.9,40.1,80.3,5.5,2.5,0.6,11.1,30.8,31.5,18.3,19.4,0.72,16.2,5900,22.8,5900,9.3,13.03
,5722.001499,8.310344828,25.4,3.2,59.9,40.1,80.3,5.5,2.5,0.6,11.1,30.8,31.5,18.3,19.4,0.72,16.2,5900,22.8,5900,9.3,13.03
,6737.077295,9,25.4,3.2,59.9,40.1,80.3,5.5,2.5,0.6,11.1,30.8,31.5,18.3,19.4,0.72,16.2,5900,22.8,5900,9.3,13.03
,7734.895052,9.275862069,25.4,3.2,59.9,40.1,80.3,5.5,2.5,0.6,11.1,30.8,31.5,18.3,19.4,0.72,16.2,5900,22.8,5900,9.3,13.03
,8733.004331,9.896551724,25.4,3.2,59.9,40.1,80.3,5.5,2.5,0.6,11.1,30.8,31.5,18.3,19.4,0.72,16.2,5900,22.8,5900,9.3,13.03
,9747.84691,10.31034483,25.4,3.2,59.9,40.1,80.3,5.5,2.5,0.6,11.1,30.8,31.5,18.3,19.4,0.72,16.2,5900,22.8,5900,9.3,13.03
,10762.48542,10.48275862,25.4,3.2,59.9,40.1,80.3,5.5,2.5,0.6,11.1,30.8,31.5,18.3,19.4,0.72,16.2,5900,22.8,5900,9.3,13.03
,11726.3993,10.65517241,25.4,3.2,59.9,40.1,80.3,5.5,2.5,0.6,11.1,30.8,31.5,18.3,19.4,0.72,16.2,5900,22.8,5900,9.3,13.03
,12723.95469,10.62068966,25.4,3.2,59.9,40.1,80.3,5.5,2.5,0.6,11.1,30.8,31.5,18.3,19.4,0.72,16.2,5900,22.8,5900,9.3,13.03
BH A/17,410.7579462,0.910116778,27.2,3,58.8,41.2,79.8,5.3,2.4,0.6,11.9,65.7,15.4,5.7,13.2,0.71,15.5,5828,22.2,5828,5.49,7.86
,872.8606357,1.995186965,27.2,3,58.8,41.2,79.8,5.3,2.4,0.6,11.9,65.7,15.4,5.7,13.2,0.71,15.5,5828,22.2,5828,5.49,7.86
,1711.491443,3.500777951,27.2,3,58.8,41.2,79.8,5.3,2.4,0.6,11.9,65.7,15.4,5.7,13.2,0.71,15.5,5828,22.2,5828,5.49,7.86
,2772.616137,5.111819721,27.2,3,58.8,41.2,79.8,5.3,2.4,0.6,11.9,65.7,15.4,5.7,13.2,0.71,15.5,5828,22.2,5828,5.49,7.86
,3765.281174,6.128284918,27.2,3,58.8,41.2,79.8,5.3,2.4,0.6,11.9,65.7,15.4,5.7,13.2,0.71,15.5,5828,22.2,5828,5.49,7.86
,4757.94621,7.10978508,27.2,3,58.8,41.2,79.8,5.3,2.4,0.6,11.9,65.7,15.4,5.7,13.2,0.71,15.5,5828,22.2,5828,5.49,7.86
,5733.496333,7.601732009,27.2,3,58.8,41.2,79.8,5.3,2.4,0.6,11.9,65.7,15.4,5.7,13.2,0.71,15.5,5828,22.2,5828,5.49,7.86
,6709.046455,8.338434182,27.2,3,58.8,41.2,79.8,5.3,2.4,0.6,11.9,65.7,15.4,5.7,13.2,0.71,15.5,5828,22.2,5828,5.49,7.86
,7718.826406,8.900396669,27.2,3,58.8,41.2,79.8,5.3,2.4,0.6,11.9,65.7,15.4,5.7,13.2,0.71,15.5,5828,22.2,5828,5.49,7.86
,8728.606357,9.217603912,27.2,3,58.8,41.2,79.8,5.3,2.4,0.6,11.9,65.7,15.4,5.7,13.2,0.71,15.5,5828,22.2,5828,5.49,7.86
,9755.501222,9.709679074,27.2,3,58.8,41.2,79.8,5.3,2.4,0.6,11.9,65.7,15.4,5.7,13.2,0.71,15.5,5828,22.2,5828,5.49,7.86
,10731.05134,9.991835793,27.2,3,58.8,41.2,79.8,5.3,2.4,0.6,11.9,65.7,15.4,5.7,13.2,0.71,15.5,5828,22.2,5828,5.49,7.86
,11740.8313,10.37897311,27.2,3,58.8,41.2,79.8,5.3,2.4,0.6,11.9,65.7,15.4,5.7,13.2,0.71,15.5,5828,22.2,5828,5.49,7.86
,12750.61125,10.62625028,27.2,3,58.8,41.2,79.8,5.3,2.4,0.6,11.9,65.7,15.4,5.7,13.2,0.71,15.5,5828,22.2,5828,5.49,7.86
BH A/26,355.5018138,2.245250432,12.9,2.2,57.8,42.2,79.3,5.4,2.3,0.3,12.7,80,10.7,5.2,4.1,0.73,21.2,2810,25.2,2810,9.08,10.69
,846.43289,4.594127807,12.9,2.2,57.8,42.2,79.3,5.4,2.3,0.3,12.7,80,10.7,5.2,4.1,0.73,21.2,2810,25.2,2810,9.08,10.69
,1726.723096,7.979274611,12.9,2.2,57.8,42.2,79.3,5.4,2.3,0.3,12.7,80,10.7,5.2,4.1,0.73,21.2,2810,25.2,2810,9.08,10.69
,2708.585248,10.67357513,12.9,2.2,57.8,42.2,79.3,5.4,2.3,0.3,12.7,80,10.7,5.2,4.1,0.73,21.2,2810,25.2,2810,9.08,10.69
,3775.090689,12.46977547,12.9,2.2,57.8,42.2,79.3,5.4,2.3,0.3,12.7,80,10.7,5.2,4.1,0.73,21.2,2810,25.2,2810,9.08,10.69
,4790.810157,13.64421416,12.9,2.2,57.8,42.2,79.3,5.4,2.3,0.3,12.7,80,10.7,5.2,4.1,0.73,21.2,2810,25.2,2810,9.08,10.69
,5755.743652,14.54231434,12.9,2.2,57.8,42.2,79.3,5.4,2.3,0.3,12.7,80,10.7,5.2,4.1,0.73,21.2,2810,25.2,2810,9.08,10.69
,6737.605804,15.16407599,12.9,2.2,57.8,42.2,79.3,5.4,2.3,0.3,12.7,80,10.7,5.2,4.1,0.73,21.2,2810,25.2,2810,9.08,10.69
,7753.325272,15.75129534,12.9,2.2,57.8,42.2,79.3,5.4,2.3,0.3,12.7,80,10.7,5.2,4.1,0.73,21.2,2810,25.2,2810,9.08,10.69
,8752.116082,16.02763385,12.9,2.2,57.8,42.2,79.3,5.4,2.3,0.3,12.7,80,10.7,5.2,4.1,0.73,21.2,2810,25.2,2810,9.08,10.69
,9767.83555,16.30397237,12.9,2.2,57.8,42.2,79.3,5.4,2.3,0.3,12.7,80,10.7,5.2,4.1,0.73,21.2,2810,25.2,2810,9.08,10.69
,10732.76904,16.44214162,12.9,2.2,57.8,42.2,79.3,5.4,2.3,0.3,12.7,80,10.7,5.2,4.1,0.73,21.2,2810,25.2,2810,9.08,10.69
,11765.41717,17.13298791,12.9,2.2,57.8,42.2,79.3,5.4,2.3,0.3,12.7,80,10.7,5.2,4.1,0.73,21.2,2810,25.2,2810,9.08,10.69
,12747.27932,17.3402418,12.9,2.2,57.8,42.2,79.3,5.4,2.3,0.3,12.7,80,10.7,5.2,4.1,0.73,21.2,2810,25.2,2810,9.08,10.69
BH A/29,365.7540138,2.56239647,24.7,1.3,61.1,38.9,84.5,5.9,2.4,0.5,6.7,76,13.8,4.5,5.7,0.8,19.4,3315,26.5,3315,4.92,7.69
,830.1796636,4.517432785,24.7,1.3,61.1,38.9,84.5,5.9,2.4,0.5,6.7,76,13.8,4.5,5.7,0.8,19.4,3315,26.5,3315,4.92,7.69
,1675.048579,6.808820719,24.7,1.3,61.1,38.9,84.5,5.9,2.4,0.5,6.7,76,13.8,4.5,5.7,0.8,19.4,3315,26.5,3315,4.92,7.69
,2767.767266,8.998431129,24.7,1.3,61.1,38.9,84.5,5.9,2.4,0.5,6.7,76,13.8,4.5,5.7,0.8,19.4,3315,26.5,3315,4.92,7.69
,3727.613723,10.41264494,24.7,1.3,61.1,38.9,84.5,5.9,2.4,0.5,6.7,76,13.8,4.5,5.7,0.8,19.4,3315,26.5,3315,4.92,7.69
,4736.879619,11.62437882,24.7,1.3,61.1,38.9,84.5,5.9,2.4,0.5,6.7,76,13.8,4.5,5.7,0.8,19.4,3315,26.5,3315,4.92,7.69
,5696.16861,12.36405772,24.7,1.3,61.1,38.9,84.5,5.9,2.4,0.5,6.7,76,13.8,4.5,5.7,0.8,19.4,3315,26.5,3315,4.92,7.69
,6704.988532,13.03616367,24.7,1.3,61.1,38.9,84.5,5.9,2.4,0.5,6.7,76,13.8,4.5,5.7,0.8,19.4,3315,26.5,3315,4.92,7.69
,7713.808454,13.70826962,24.7,1.3,61.1,38.9,84.5,5.9,2.4,0.5,6.7,76,13.8,4.5,5.7,0.8,19.4,3315,26.5,3315,4.92,7.69
,8689.514845,14.31300172,24.7,1.3,61.1,38.9,84.5,5.9,2.4,0.5,6.7,76,13.8,4.5,5.7,0.8,19.4,3315,26.5,3315,4.92,7.69
,9714.668546,14.74898063,24.7,1.3,61.1,38.9,84.5,5.9,2.4,0.5,6.7,76,13.8,4.5,5.7,0.8,19.4,3315,26.5,3315,4.92,7.69
,10706.73659,15.15131244,24.7,1.3,61.1,38.9,84.5,5.9,2.4,0.5,6.7,76,13.8,4.5,5.7,0.8,19.4,3315,26.5,3315,4.92,7.69
,11715.41714,15.65478466,24.7,1.3,61.1,38.9,84.5,5.9,2.4,0.5,6.7,76,13.8,4.5,5.7,0.8,19.4,3315,26.5,3315,4.92,7.69
,12690.81693,15.88852255,24.7,1.3,61.1,38.9,84.5,5.9,2.4,0.5,6.7,76,13.8,4.5,5.7,0.8,19.4,3315,26.5,3315,4.92,7.69
BH A/31,356.763285,2,21.7,2.4,62.6,37.4,85.9,4.9,2.1,0.5,6.6,70.8,7.7,5.1,16.4,0.86,19.4,3357,25.9,3357,11.35,14.96
,831.7966017,3.896551724,21.7,2.4,62.6,37.4,85.9,4.9,2.1,0.5,6.6,70.8,7.7,5.1,16.4,0.86,19.4,3357,25.9,3357,11.35,14.96
,1713.005997,6.24137931,21.7,2.4,62.6,37.4,85.9,4.9,2.1,0.5,6.6,70.8,7.7,5.1,16.4,0.86,19.4,3357,25.9,3357,11.35,14.96
,2729.71431,8.862068966,21.7,2.4,62.6,37.4,85.9,4.9,2.1,0.5,6.6,70.8,7.7,5.1,16.4,0.86,19.4,3357,25.9,3357,11.35,14.96
,3728.494086,10.27586207,21.7,2.4,62.6,37.4,85.9,4.9,2.1,0.5,6.6,70.8,7.7,5.1,16.4,0.86,19.4,3357,25.9,3357,11.35,14.96
,4693.165917,11.34482759,21.7,2.4,62.6,37.4,85.9,4.9,2.1,0.5,6.6,70.8,7.7,5.1,16.4,0.86,19.4,3357,25.9,3357,11.35,14.96
,5792.666167,11.89655172,21.7,2.4,62.6,37.4,85.9,4.9,2.1,0.5,6.6,70.8,7.7,5.1,16.4,0.86,19.4,3357,25.9,3357,11.35,14.96
,6723.463268,12.89655172,21.7,2.4,62.6,37.4,85.9,4.9,2.1,0.5,6.6,70.8,7.7,5.1,16.4,0.86,19.4,3357,25.9,3357,11.35,14.96
,7755.418124,13.55172414,21.7,2.4,62.6,37.4,85.9,4.9,2.1,0.5,6.6,70.8,7.7,5.1,16.4,0.86,19.4,3357,25.9,3357,11.35,14.96
,8719.681826,14.13793103,21.7,2.4,62.6,37.4,85.9,4.9,2.1,0.5,6.6,70.8,7.7,5.1,16.4,0.86,19.4,3357,25.9,3357,11.35,14.96
,9768.369982,14.5862069,21.7,2.4,62.6,37.4,85.9,4.9,2.1,0.5,6.6,70.8,7.7,5.1,16.4,0.86,19.4,3357,25.9,3357,11.35,14.96
,10749.25037,14.82758621,21.7,2.4,62.6,37.4,85.9,4.9,2.1,0.5,6.6,70.8,7.7,5.1,16.4,0.86,19.4,3357,25.9,3357,11.35,14.96
,11747.12644,15.17241379,21.7,2.4,62.6,37.4,85.9,4.9,2.1,0.5,6.6,70.8,7.7,5.1,16.4,0.86,19.4,3357,25.9,3357,11.35,14.96
,12744.91504,15.4137931,21.7,2.4,62.6,37.4,85.9,4.9,2.1,0.5,6.6,70.8,7.7,5.1,16.4,0.86,19.4,3357,25.9,3357,11.35,14.96
BH A/32,354.5277048,1.86441031,26.8,1.6,62.2,37.8,84.7,5.7,1.8,0.5,7.3,63.2,13.4,8.8,14.6,0.77,18.3,3495,25.8,3495,6.34,8.86
,785.5180106,3.383208755,26.8,1.6,62.2,37.8,84.7,5.7,1.8,0.5,7.3,63.2,13.4,8.8,14.6,0.77,18.3,3495,25.8,3495,6.34,8.86
,1693.153476,5.902558285,26.8,1.6,62.2,37.8,84.7,5.7,1.8,0.5,7.3,63.2,13.4,8.8,14.6,0.77,18.3,3495,25.8,3495,6.34,8.86
,2707.820676,7.868966706,26.8,1.6,62.2,37.8,84.7,5.7,1.8,0.5,7.3,63.2,13.4,8.8,14.6,0.77,18.3,3495,25.8,3495,6.34,8.86
,3706.845387,9.455448263,26.8,1.6,62.2,37.8,84.7,5.7,1.8,0.5,7.3,63.2,13.4,8.8,14.6,0.77,18.3,3495,25.8,3495,6.34,8.86
,4720.95582,10.69646946,26.8,1.6,62.2,37.8,84.7,5.7,1.8,0.5,7.3,63.2,13.4,8.8,14.6,0.77,18.3,3495,25.8,3495,6.34,8.86
,5765.158158,11.14294317,26.8,1.6,62.2,37.8,84.7,5.7,1.8,0.5,7.3,63.2,13.4,8.8,14.6,0.77,18.3,3495,25.8,3495,6.34,8.86
,6748.195717,11.90044863,26.8,1.6,62.2,37.8,84.7,5.7,1.8,0.5,7.3,63.2,13.4,8.8,14.6,0.77,18.3,3495,25.8,3495,6.34,8.86
,7746.584124,12.65791622,26.8,1.6,62.2,37.8,84.7,5.7,1.8,0.5,7.3,63.2,13.4,8.8,14.6,0.77,18.3,3495,25.8,3495,6.34,8.86
,8760.031739,13.03538119,26.8,1.6,62.2,37.8,84.7,5.7,1.8,0.5,7.3,63.2,13.4,8.8,14.6,0.77,18.3,3495,25.8,3495,6.34,8.86
,9742.777659,13.41292191,26.8,1.6,62.2,37.8,84.7,5.7,1.8,0.5,7.3,63.2,13.4,8.8,14.6,0.77,18.3,3495,25.8,3495,6.34,8.86
,10771.49658,13.68672225,26.8,1.6,62.2,37.8,84.7,5.7,1.8,0.5,7.3,63.2,13.4,8.8,14.6,0.77,18.3,3495,25.8,3495,6.34,8.86
,11784.97071,14.09872947,26.8,1.6,62.2,37.8,84.7,5.7,1.8,0.5,7.3,63.2,13.4,8.8,14.6,0.77,18.3,3495,25.8,3495,6.34,8.86
,12706.31324,14.4764217,26.8,1.6,62.2,37.8,84.7,5.7,1.8,0.5,7.3,63.2,13.4,8.8,14.6,0.77,18.3,3495,25.8,3495,6.34,8.86
BH A/34,334.7826087,2.529059829,24.5,2.2,63.6,36.4,85.6,5.1,2.3,0.5,6.5,70.8,4.7,7.4,17.1,0.84,20.7,2653,28.4,2653,7.12,11.4
,821.7391304,4.989409142,24.5,2.2,63.6,36.4,85.6,5.1,2.3,0.5,6.5,70.8,4.7,7.4,17.1,0.84,20.7,2653,28.4,2653,7.12,11.4
,1689.130435,7.961649944,24.5,2.2,63.6,36.4,85.6,5.1,2.3,0.5,6.5,70.8,4.7,7.4,17.1,0.84,20.7,2653,28.4,2653,7.12,11.4
,2693.478261,10.42073579,24.5,2.2,63.6,36.4,85.6,5.1,2.3,0.5,6.5,70.8,4.7,7.4,17.1,0.84,20.7,2653,28.4,2653,7.12,11.4
,3667.391304,12.09357116,24.5,2.2,63.6,36.4,85.6,5.1,2.3,0.5,6.5,70.8,4.7,7.4,17.1,0.84,20.7,2653,28.4,2653,7.12,11.4
,4580.434783,13.11698253,24.5,2.2,63.6,36.4,85.6,5.1,2.3,0.5,6.5,70.8,4.7,7.4,17.1,0.84,20.7,2653,28.4,2653,7.12,11.4
,5782.608696,13.96874768,24.5,2.2,63.6,36.4,85.6,5.1,2.3,0.5,6.5,70.8,4.7,7.4,17.1,0.84,20.7,2653,28.4,2653,7.12,11.4
,6726.086957,14.85533259,24.5,2.2,63.6,36.4,85.6,5.1,2.3,0.5,6.5,70.8,4.7,7.4,17.1,0.84,20.7,2653,28.4,2653,7.12,11.4
,7745.652174,15.29728725,24.5,2.2,63.6,36.4,85.6,5.1,2.3,0.5,6.5,70.8,4.7,7.4,17.1,0.84,20.7,2653,28.4,2653,7.12,11.4
,8719.565217,15.87610554,24.5,2.2,63.6,36.4,85.6,5.1,2.3,0.5,6.5,70.8,4.7,7.4,17.1,0.84,20.7,2653,28.4,2653,7.12,11.4
,9647.826087,16.38665923,24.5,2.2,63.6,36.4,85.6,5.1,2.3,0.5,6.5,70.8,4.7,7.4,17.1,0.84,20.7,2653,28.4,2653,7.12,11.4
,10682.6087,16.6918246,24.5,2.2,63.6,36.4,85.6,5.1,2.3,0.5,6.5,70.8,4.7,7.4,17.1,0.84,20.7,2653,28.4,2653,7.12,11.4
,11717.3913,16.8260498,24.5,2.2,63.6,36.4,85.6,5.1,2.3,0.5,6.5,70.8,4.7,7.4,17.1,0.84,20.7,2653,28.4,2653,7.12,11.4
,12691.30435,17.16555184,24.5,2.2,63.6,36.4,85.6,5.1,2.3,0.5,6.5,70.8,4.7,7.4,17.1,0.84,20.7,2653,28.4,2653,7.12,11.4
BH B/11,364.92891,1.353637902,25,2.6,56.2,43.8,79.8,5.5,2.3,0.5,11.9,60.4,11.6,8.1,19.8,0.68,16.5,4878,23,4878,3.96,5.77
,845.971564,3.011844332,25,2.6,56.2,43.8,79.8,5.5,2.3,0.5,11.9,60.4,11.6,8.1,19.8,0.68,16.5,4878,23,4878,3.96,5.77
,1791.469194,4.162436548,25,2.6,56.2,43.8,79.8,5.5,2.3,0.5,11.9,60.4,11.6,8.1,19.8,0.68,16.5,4878,23,4878,3.96,5.77
,2753.554502,5.51607445,25,2.6,56.2,43.8,79.8,5.5,2.3,0.5,11.9,60.4,11.6,8.1,19.8,0.68,16.5,4878,23,4878,3.96,5.77
,3699.052133,6.497461929,25,2.6,56.2,43.8,79.8,5.5,2.3,0.5,11.9,60.4,11.6,8.1,19.8,0.68,16.5,4878,23,4878,3.96,5.77
,4710.900474,7.58037225,25,2.6,56.2,43.8,79.8,5.5,2.3,0.5,11.9,60.4,11.6,8.1,19.8,0.68,16.5,4878,23,4878,3.96,5.77
,5689.57346,8.663282572,25,2.6,56.2,43.8,79.8,5.5,2.3,0.5,11.9,60.4,11.6,8.1,19.8,0.68,16.5,4878,23,4878,3.96,5.77
,6718.009479,9.475465313,25,2.6,56.2,43.8,79.8,5.5,2.3,0.5,11.9,60.4,11.6,8.1,19.8,0.68,16.5,4878,23,4878,3.96,5.77
,7696.682464,10.01692047,25,2.6,56.2,43.8,79.8,5.5,2.3,0.5,11.9,60.4,11.6,8.1,19.8,0.68,16.5,4878,23,4878,3.96,5.77
,8708.530806,10.65989848,25,2.6,56.2,43.8,79.8,5.5,2.3,0.5,11.9,60.4,11.6,8.1,19.8,0.68,16.5,4878,23,4878,3.96,5.77
,9703.791469,11.16751269,25,2.6,56.2,43.8,79.8,5.5,2.3,0.5,11.9,60.4,11.6,8.1,19.8,0.68,16.5,4878,23,4878,3.96,5.77
,10732.22749,11.43824027,25,2.6,56.2,43.8,79.8,5.5,2.3,0.5,11.9,60.4,11.6,8.1,19.8,0.68,16.5,4878,23,4878,3.96,5.77
,11744.07583,11.77664975,25,2.6,56.2,43.8,79.8,5.5,2.3,0.5,11.9,60.4,11.6,8.1,19.8,0.68,16.5,4878,23,4878,3.96,5.77
,12739.33649,12.04737733,25,2.6,56.2,43.8,79.8,5.5,2.3,0.5,11.9,60.4,11.6,8.1,19.8,0.68,16.5,4878,23,4878,3.96,5.77
BH B/12,389.8509079,1.137931034,23.2,2.9,57,43,81.4,5.1,2.5,0.6,10.5,59.6,20.6,5.4,14.4,0.64,16.4,6701,21.8,6701,4.67,6.67
,846.9265367,1.793103448,23.2,2.9,57,43,81.4,5.1,2.5,0.6,10.5,59.6,20.6,5.4,14.4,0.64,16.4,6701,21.8,6701,4.67,6.67
,1727.40713,3.275862069,23.2,2.9,57,43,81.4,5.1,2.5,0.6,10.5,59.6,20.6,5.4,14.4,0.64,16.4,6701,21.8,6701,4.67,6.67
,2726.041146,4.517241379,23.2,2.9,57,43,81.4,5.1,2.5,0.6,10.5,59.6,20.6,5.4,14.4,0.64,16.4,6701,21.8,6701,4.67,6.67
,3656.896552,5.586206897,23.2,2.9,57,43,81.4,5.1,2.5,0.6,10.5,59.6,20.6,5.4,14.4,0.64,16.4,6701,21.8,6701,4.67,6.67
,4706.167749,6.724137931,23.2,2.9,57,43,81.4,5.1,2.5,0.6,10.5,59.6,20.6,5.4,14.4,0.64,16.4,6701,21.8,6701,4.67,6.67
,5704.277028,7.344827586,23.2,2.9,57,43,81.4,5.1,2.5,0.6,10.5,59.6,20.6,5.4,14.4,0.64,16.4,6701,21.8,6701,4.67,6.67
,6736.202732,7.965517241,23.2,2.9,57,43,81.4,5.1,2.5,0.6,10.5,59.6,20.6,5.4,14.4,0.64,16.4,6701,21.8,6701,4.67,6.67
,7717.520406,8.724137931,23.2,2.9,57,43,81.4,5.1,2.5,0.6,10.5,59.6,20.6,5.4,14.4,0.64,16.4,6701,21.8,6701,4.67,6.67
,8749.44611,9.344827586,23.2,2.9,57,43,81.4,5.1,2.5,0.6,10.5,59.6,20.6,5.4,14.4,0.64,16.4,6701,21.8,6701,4.67,6.67
,9696.626687,9.724137931,23.2,2.9,57,43,81.4,5.1,2.5,0.6,10.5,59.6,20.6,5.4,14.4,0.64,16.4,6701,21.8,6701,4.67,6.67
,10694.56105,10.13793103,23.2,2.9,57,43,81.4,5.1,2.5,0.6,10.5,59.6,20.6,5.4,14.4,0.64,16.4,6701,21.8,6701,4.67,6.67
,11709.28702,10.4137931,23.2,2.9,57,43,81.4,5.1,2.5,0.6,10.5,59.6,20.6,5.4,14.4,0.64,16.4,6701,21.8,6701,4.67,6.67
,12724.1296,10.82758621,23.2,2.9,57,43,81.4,5.1,2.5,0.6,10.5,59.6,20.6,5.4,14.4,0.64,16.4,6701,21.8,6701,4.67,6.67
BH B/18,387.2140709,1.337907376,22.4,2.7,55.2,44.8,81.2,4.9,2.2,0.6,11,57.7,13,10,19.2,0.74,17.3,5276,23.1,5276,7.15,10.7
,858.0154744,2.264150943,22.4,2.7,55.2,44.8,81.2,4.9,2.2,0.6,11,57.7,13,10,19.2,0.74,17.3,5276,23.1,5276,7.15,10.7
,1749.143395,3.97941681,22.4,2.7,55.2,44.8,81.2,4.9,2.2,0.6,11,57.7,13,10,19.2,0.74,17.3,5276,23.1,5276,7.15,10.7
,2707.388806,5.660377358,22.4,2.7,55.2,44.8,81.2,4.9,2.2,0.6,11,57.7,13,10,19.2,0.74,17.3,5276,23.1,5276,7.15,10.7
,3715.907548,7.238421955,22.4,2.7,55.2,44.8,81.2,4.9,2.2,0.6,11,57.7,13,10,19.2,0.74,17.3,5276,23.1,5276,7.15,10.7
,4757.279597,7.958833619,22.4,2.7,55.2,44.8,81.2,4.9,2.2,0.6,11,57.7,13,10,19.2,0.74,17.3,5276,23.1,5276,7.15,10.7
,5731.793296,9.022298456,22.4,2.7,55.2,44.8,81.2,4.9,2.2,0.6,11,57.7,13,10,19.2,0.74,17.3,5276,23.1,5276,7.15,10.7
,6706.249409,10.01715266,22.4,2.7,55.2,44.8,81.2,4.9,2.2,0.6,11,57.7,13,10,19.2,0.74,17.3,5276,23.1,5276,7.15,10.7
,7680.27362,10.4974271,22.4,2.7,55.2,44.8,81.2,4.9,2.2,0.6,11,57.7,13,10,19.2,0.74,17.3,5276,23.1,5276,7.15,10.7
,8721.415321,10.94339623,22.4,2.7,55.2,44.8,81.2,4.9,2.2,0.6,11,57.7,13,10,19.2,0.74,17.3,5276,23.1,5276,7.15,10.7
,9745.568897,11.14922813,22.4,2.7,55.2,44.8,81.2,4.9,2.2,0.6,11,57.7,13,10,19.2,0.74,17.3,5276,23.1,5276,7.15,10.7
,10702.63378,11.42367067,22.4,2.7,55.2,44.8,81.2,4.9,2.2,0.6,11,57.7,13,10,19.2,0.74,17.3,5276,23.1,5276,7.15,10.7
,11710.23113,11.90394511,22.4,2.7,55.2,44.8,81.2,4.9,2.2,0.6,11,57.7,13,10,19.2,0.74,17.3,5276,23.1,5276,7.15,10.7
,12734.52867,12.2813036,22.4,2.7,55.2,44.8,81.2,4.9,2.2,0.6,11,57.7,13,10,19.2,0.74,17.3,5276,23.1,5276,7.15,10.7
BH B/20,440.1451028,1.83074266,13.7,1.6,59.3,40.7,79.8,5.7,2.5,0.4,11.6,61.45,16.8,9.3,12.4,0.74,19.6,4406,23.2,4406,5.89,7.34
,880.2902056,3.385146805,13.7,1.6,59.3,40.7,79.8,5.7,2.5,0.4,11.6,61.45,16.8,9.3,12.4,0.74,19.6,4406,23.2,4406,5.89,7.34
,1777.509069,5.319516408,13.7,1.6,59.3,40.7,79.8,5.7,2.5,0.4,11.6,61.45,16.8,9.3,12.4,0.74,19.6,4406,23.2,4406,5.89,7.34
,2776.299879,7.530224525,13.7,1.6,59.3,40.7,79.8,5.7,2.5,0.4,11.6,61.45,16.8,9.3,12.4,0.74,19.6,4406,23.2,4406,5.89,7.34
,3792.019347,8.946459413,13.7,1.6,59.3,40.7,79.8,5.7,2.5,0.4,11.6,61.45,16.8,9.3,12.4,0.74,19.6,4406,23.2,4406,5.89,7.34
,4773.881499,10.25906736,13.7,1.6,59.3,40.7,79.8,5.7,2.5,0.4,11.6,61.45,16.8,9.3,12.4,0.74,19.6,4406,23.2,4406,5.89,7.34
,6754.534462,11.88255613,13.7,1.6,59.3,40.7,79.8,5.7,2.5,0.4,11.6,61.45,16.8,9.3,12.4,0.74,19.6,4406,23.2,4406,5.89,7.34
,7787.182588,12.5388601,13.7,1.6,59.3,40.7,79.8,5.7,2.5,0.4,11.6,61.45,16.8,9.3,12.4,0.74,19.6,4406,23.2,4406,5.89,7.34
,8718.258767,13.12607945,13.7,1.6,59.3,40.7,79.8,5.7,2.5,0.4,11.6,61.45,16.8,9.3,12.4,0.74,19.6,4406,23.2,4406,5.89,7.34
,9784.764208,13.57512953,13.7,1.6,59.3,40.7,79.8,5.7,2.5,0.4,11.6,61.45,16.8,9.3,12.4,0.74,19.6,4406,23.2,4406,5.89,7.34
,10800.48368,13.98963731,13.7,1.6,59.3,40.7,79.8,5.7,2.5,0.4,11.6,61.45,16.8,9.3,12.4,0.74,19.6,4406,23.2,4406,5.89,7.34
,11714.6312,14.36960276,13.7,1.6,59.3,40.7,79.8,5.7,2.5,0.4,11.6,61.45,16.8,9.3,12.4,0.74,19.6,4406,23.2,4406,5.89,7.34
,12781.13664,14.47322971,13.7,1.6,59.3,40.7,79.8,5.7,2.5,0.4,11.6,61.45,16.8,9.3,12.4,0.74,19.6,4406,23.2,4406,5.89,7.34
BH B/22,348.5004141,1.685540902,17.5,1.8,56.1,43.9,82.7,5.5,2.2,0.4,9.2,74.5,9,7.3,9.2,0.79,19.2,4238,23.9,4238,4.26,5.31
,861.9831486,2.999649592,17.5,1.8,56.1,43.9,82.7,5.5,2.2,0.4,9.2,74.5,9,7.3,9.2,0.79,19.2,4238,23.9,4238,4.26,5.31
,1723.40883,5.324724452,17.5,1.8,56.1,43.9,82.7,5.5,2.2,0.4,9.2,74.5,9,7.3,9.2,0.79,19.2,4238,23.9,4238,4.26,5.31
,2749.956199,7.447040647,17.5,1.8,56.1,43.9,82.7,5.5,2.2,0.4,9.2,74.5,9,7.3,9.2,0.79,19.2,4238,23.9,4238,4.26,5.31
,3726.331549,8.861214641,17.5,1.8,56.1,43.9,82.7,5.5,2.2,0.4,9.2,74.5,9,7.3,9.2,0.79,19.2,4238,23.9,4238,4.26,5.31
,4719.124299,10.14044183,17.5,1.8,56.1,43.9,82.7,5.5,2.2,0.4,9.2,74.5,9,7.3,9.2,0.79,19.2,4238,23.9,4238,4.26,5.31
,5744.723974,11.11604867,17.5,1.8,56.1,43.9,82.7,5.5,2.2,0.4,9.2,74.5,9,7.3,9.2,0.79,19.2,4238,23.9,4238,4.26,5.31
,6720.458238,11.75450752,17.5,1.8,56.1,43.9,82.7,5.5,2.2,0.4,9.2,74.5,9,7.3,9.2,0.79,19.2,4238,23.9,4238,4.26,5.31
,7745.779179,12.3928469,17.5,1.8,56.1,43.9,82.7,5.5,2.2,0.4,9.2,74.5,9,7.3,9.2,0.79,19.2,4238,23.9,4238,4.26,5.31
,8771.239488,13.19982002,17.5,1.8,56.1,43.9,82.7,5.5,2.2,0.4,9.2,74.5,9,7.3,9.2,0.79,19.2,4238,23.9,4238,4.26,5.31
,9763.168164,13.43351809,17.5,1.8,56.1,43.9,82.7,5.5,2.2,0.4,9.2,74.5,9,7.3,9.2,0.79,19.2,4238,23.9,4238,4.26,5.31
,10738.59582,13.70098273,17.5,1.8,56.1,43.9,82.7,5.5,2.2,0.4,9.2,74.5,9,7.3,9.2,0.79,19.2,4238,23.9,4238,4.26,5.31
,11747.08126,13.96836774,17.5,1.8,56.1,43.9,82.7,5.5,2.2,0.4,9.2,74.5,9,7.3,9.2,0.79,19.2,4238,23.9,4238,4.26,5.31
,12772.03985,14.16825943,17.5,1.8,56.1,43.9,82.7,5.5,2.2,0.4,9.2,74.5,9,7.3,9.2,0.79,19.2,4238,23.9,4238,4.26,5.31
BH B/24,339.0177805,1.657194692,25.3,1.9,68.3,31.7,84.6,5.4,2.9,0.6,6.5,49,15,12,24,0.82,18.7,3470,25.9,3470,5.68,9.43
,785.6505741,3.55592,25.3,1.9,68.3,31.7,84.6,5.4,2.9,0.6,6.5,49,15,12,24,0.82,18.7,3470,25.9,3470,5.68,9.43
,1662.584343,6.07534528,25.3,1.9,68.3,31.7,84.6,5.4,2.9,0.6,6.5,49,15,12,24,0.82,18.7,3470,25.9,3470,5.68,9.43
,2677.251543,8.041753701,25.3,1.9,68.3,31.7,84.6,5.4,2.9,0.6,6.5,49,15,12,24,0.82,18.7,3470,25.9,3470,5.68,9.43
,3676.382305,9.766404254,25.3,1.9,68.3,31.7,84.6,5.4,2.9,0.6,6.5,49,15,12,24,0.82,18.7,3470,25.9,3470,5.68,9.43
,4675.088865,10.93837882,25.3,1.9,68.3,31.7,84.6,5.4,2.9,0.6,6.5,49,15,12,24,0.82,18.7,3470,25.9,3470,5.68,9.43
,5688.881145,11.76489303,25.3,1.9,68.3,31.7,84.6,5.4,2.9,0.6,6.5,49,15,12,24,0.82,18.7,3470,25.9,3470,5.68,9.43
,6656.461806,12.38426737,25.3,1.9,68.3,31.7,84.6,5.4,2.9,0.6,6.5,49,15,12,24,0.82,18.7,3470,25.9,3470,5.68,9.43
,7700.796706,13.00345233,25.3,1.9,68.3,31.7,84.6,5.4,2.9,0.6,6.5,49,15,12,24,0.82,18.7,3470,25.9,3470,5.68,9.43
,8714.32386,13.48454405,25.3,1.9,68.3,31.7,84.6,5.4,2.9,0.6,6.5,49,15,12,24,0.82,18.7,3470,25.9,3470,5.68,9.43
,9712.288064,13.68933565,25.3,1.9,68.3,31.7,84.6,5.4,2.9,0.6,6.5,49,15,12,24,0.82,18.7,3470,25.9,3470,5.68,9.43
,10695.11352,14.17050312,25.3,1.9,68.3,31.7,84.6,5.4,2.9,0.6,6.5,49,15,12,24,0.82,18.7,3470,25.9,3470,5.68,9.43
,11708.37555,14.30617234,25.3,1.9,68.3,31.7,84.6,5.4,2.9,0.6,6.5,49,15,12,24,0.82,18.7,3470,25.9,3470,5.68,9.43
,12706.4458,14.64913294,25.3,1.9,68.3,31.7,84.6,5.4,2.9,0.6,6.5,49,15,12,24,0.82,18.7,3470,25.9,3470,5.68,9.43
BH B/27,410.8695652,1.742549238,24.5,1.5,61.5,38.5,84.2,5.3,1.8,0.4,8.3,67.8,4,11.7,16.5,0.8,18.7,3352,25.3,3352,5.37,9.89
,1704.347826,5.80776663,24.5,1.5,61.5,38.5,84.2,5.3,1.8,0.4,8.3,67.8,4,11.7,16.5,0.8,18.7,3352,25.3,3352,5.37,9.89
,2663.043478,8.164399851,24.5,1.5,61.5,38.5,84.2,5.3,1.8,0.4,8.3,67.8,4,11.7,16.5,0.8,18.7,3352,25.3,3352,5.37,9.89
,3652.173913,9.495317726,24.5,1.5,61.5,38.5,84.2,5.3,1.8,0.4,8.3,67.8,4,11.7,16.5,0.8,18.7,3352,25.3,3352,5.37,9.89
,4686.956522,10.75774805,24.5,1.5,61.5,38.5,84.2,5.3,1.8,0.4,8.3,67.8,4,11.7,16.5,0.8,18.7,3352,25.3,3352,5.37,9.89
,5691.304348,11.64418432,24.5,1.5,61.5,38.5,84.2,5.3,1.8,0.4,8.3,67.8,4,11.7,16.5,0.8,18.7,3352,25.3,3352,5.37,9.89
,6680.434783,12.49646971,24.5,1.5,61.5,38.5,84.2,5.3,1.8,0.4,8.3,67.8,4,11.7,16.5,0.8,18.7,3352,25.3,3352,5.37,9.89
,7715.217391,12.90419918,24.5,1.5,61.5,38.5,84.2,5.3,1.8,0.4,8.3,67.8,4,11.7,16.5,0.8,18.7,3352,25.3,3352,5.37,9.89
,8704.347826,13.51716834,24.5,1.5,61.5,38.5,84.2,5.3,1.8,0.4,8.3,67.8,4,11.7,16.5,0.8,18.7,3352,25.3,3352,5.37,9.89
,9693.478261,13.92500929,24.5,1.5,61.5,38.5,84.2,5.3,1.8,0.4,8.3,67.8,4,11.7,16.5,0.8,18.7,3352,25.3,3352,5.37,9.89
,10728.26087,14.36692679,24.5,1.5,61.5,38.5,84.2,5.3,1.8,0.4,8.3,67.8,4,11.7,16.5,0.8,18.7,3352,25.3,3352,5.37,9.89
,11732.6087,14.50122631,24.5,1.5,61.5,38.5,84.2,5.3,1.8,0.4,8.3,67.8,4,11.7,16.5,0.8,18.7,3352,25.3,3352,5.37,9.89
,12721.73913,14.77231512,24.5,1.5,61.5,38.5,84.2,5.3,1.8,0.4,8.3,67.8,4,11.7,16.5,0.8,18.7,3352,25.3,3352,5.37,9.89
BH C/5,374.0019801,0.941697367,26.7,4,53.6,46.4,77,5.5,3.2,0.5,13.8,36.8,25.8,18.8,18.6,0.62,13.2,7119,18.2,7119,4.09,5.65
,850.6210138,1.77912051,26.7,4,53.6,46.4,77,5.5,3.2,0.5,13.8,36.8,25.8,18.8,18.6,0.62,13.2,7119,18.2,7119,4.09,5.65
,1703.383601,2.30389095,26.7,4,53.6,46.4,77,5.5,3.2,0.5,13.8,36.8,25.8,18.8,18.6,0.62,13.2,7119,18.2,7119,4.09,5.65
,2726.163312,3.247202995,26.7,4,53.6,46.4,77,5.5,3.2,0.5,13.8,36.8,25.8,18.8,18.6,0.62,13.2,7119,18.2,7119,4.09,5.65
,3664.053437,3.911558122,26.7,4,53.6,46.4,77,5.5,3.2,0.5,13.8,36.8,25.8,18.8,18.6,0.62,13.2,7119,18.2,7119,4.09,5.65
,4737.873979,4.959526814,26.7,4,53.6,46.4,77,5.5,3.2,0.5,13.8,36.8,25.8,18.8,18.6,0.62,13.2,7119,18.2,7119,4.09,5.65
,5692.658738,5.728453606,26.7,4,53.6,46.4,77,5.5,3.2,0.5,13.8,36.8,25.8,18.8,18.6,0.62,13.2,7119,18.2,7119,4.09,5.65
,6716.03333,6.323335075,26.7,4,53.6,46.4,77,5.5,3.2,0.5,13.8,36.8,25.8,18.8,18.6,0.62,13.2,7119,18.2,7119,4.09,5.65
,7705.261727,6.918131562,26.7,4,53.6,46.4,77,5.5,3.2,0.5,13.8,36.8,25.8,18.8,18.6,0.62,13.2,7119,18.2,7119,4.09,5.65
,8728.695807,7.478169975,26.7,4,53.6,46.4,77,5.5,3.2,0.5,13.8,36.8,25.8,18.8,18.6,0.62,13.2,7119,18.2,7119,4.09,5.65
,9752.665281,7.724620869,26.7,4,53.6,46.4,77,5.5,3.2,0.5,13.8,36.8,25.8,18.8,18.6,0.62,13.2,7119,18.2,7119,4.09,5.65
,10673.95821,8.110189045,26.7,4,53.6,46.4,77,5.5,3.2,0.5,13.8,36.8,25.8,18.8,18.6,0.62,13.2,7119,18.2,7119,4.09,5.65
,11697.57076,8.565698285,26.7,4,53.6,46.4,77,5.5,3.2,0.5,13.8,36.8,25.8,18.8,18.6,0.62,13.2,7119,18.2,7119,4.09,5.65
,12687.86994,8.533319736,26.7,4,53.6,46.4,77,5.5,3.2,0.5,13.8,36.8,25.8,18.8,18.6,0.62,13.2,7119,18.2,7119,4.09,5.65
BH C/8,457.6271186,0.966097513,26.1,3.4,55.4,44.6,80.1,5.7,2.5,0.5,11.2,52,10.2,12.1,25.7,0.66,15.7,6531,22.4,6531,3.55,5.03
,898.3050847,1.96673734,26.1,3.4,55.4,44.6,80.1,5.7,2.5,0.5,11.2,52,10.2,12.1,25.7,0.66,15.7,6531,22.4,6531,3.55,5.03
,1728.813559,3.24275385,26.1,3.4,55.4,44.6,80.1,5.7,2.5,0.5,11.2,52,10.2,12.1,25.7,0.66,15.7,6531,22.4,6531,3.55,5.03
,2711.864407,4.518393991,26.1,3.4,55.4,44.6,80.1,5.7,2.5,0.5,11.2,52,10.2,12.1,25.7,0.66,15.7,6531,22.4,6531,3.55,5.03
,3677.966102,5.483195122,26.1,3.4,55.4,44.6,80.1,5.7,2.5,0.5,11.2,52,10.2,12.1,25.7,0.66,15.7,6531,22.4,6531,3.55,5.03
,4745.762712,6.482287655,26.1,3.4,55.4,44.6,80.1,5.7,2.5,0.5,11.2,52,10.2,12.1,25.7,0.66,15.7,6531,22.4,6531,3.55,5.03
,5694.915254,7.447130604,26.1,3.4,55.4,44.6,80.1,5.7,2.5,0.5,11.2,52,10.2,12.1,25.7,0.66,15.7,6531,22.4,6531,3.55,5.03
,6745.762712,7.997214869,26.1,3.4,55.4,44.6,80.1,5.7,2.5,0.5,11.2,52,10.2,12.1,25.7,0.66,15.7,6531,22.4,6531,3.55,5.03
,7728.813559,8.685635666,26.1,3.4,55.4,44.6,80.1,5.7,2.5,0.5,11.2,52,10.2,12.1,25.7,0.66,15.7,6531,22.4,6531,3.55,5.03
,8762.711864,9.063050178,26.1,3.4,55.4,44.6,80.1,5.7,2.5,0.5,11.2,52,10.2,12.1,25.7,0.66,15.7,6531,22.4,6531,3.55,5.03
,9796.610169,9.44046469,26.1,3.4,55.4,44.6,80.1,5.7,2.5,0.5,11.2,52,10.2,12.1,25.7,0.66,15.7,6531,22.4,6531,3.55,5.03
,10694.91525,9.818213753,26.1,3.4,55.4,44.6,80.1,5.7,2.5,0.5,11.2,52,10.2,12.1,25.7,0.66,15.7,6531,22.4,6531,3.55,5.03
,11711.86441,10.02295851,26.1,3.4,55.4,44.6,80.1,5.7,2.5,0.5,11.2,52,10.2,12.1,25.7,0.66,15.7,6531,22.4,6531,3.55,5.03
,12728.81356,10.40041484,26.1,3.4,55.4,44.6,80.1,5.7,2.5,0.5,11.2,52,10.2,12.1,25.7,0.66,15.7,6531,22.4,6531,3.55,5.03
BH C/17,353.4969623,1.166380789,25.9,2.7,57.4,42.6,81,5.1,2.2,0.6,11.1,57.1,8.4,10.2,24.3,0.73,16.8,4842,23.7,4842,6.37,8.91
,858.1594416,2.43567753,25.9,2.7,57.4,42.6,81,5.1,2.2,0.6,11.1,57.1,8.4,10.2,24.3,0.73,16.8,4842,23.7,4842,6.37,8.91
,1732.587172,4.253859348,25.9,2.7,57.4,42.6,81,5.1,2.2,0.6,11.1,57.1,8.4,10.2,24.3,0.73,16.8,4842,23.7,4842,6.37,8.91
,2707.532773,5.831903945,25.9,2.7,57.4,42.6,81,5.1,2.2,0.6,11.1,57.1,8.4,10.2,24.3,0.73,16.8,4842,23.7,4842,6.37,8.91
,3699.178565,7.30703259,25.9,2.7,57.4,42.6,81,5.1,2.2,0.6,11.1,57.1,8.4,10.2,24.3,0.73,16.8,4842,23.7,4842,6.37,8.91
,4723.994389,8.301886792,25.9,2.7,57.4,42.6,81,5.1,2.2,0.6,11.1,57.1,8.4,10.2,24.3,0.73,16.8,4842,23.7,4842,6.37,8.91
,5731.966057,9.22813036,25.9,2.7,57.4,42.6,81,5.1,2.2,0.6,11.1,57.1,8.4,10.2,24.3,0.73,16.8,4842,23.7,4842,6.37,8.91
,6706.047855,9.777015437,25.9,2.7,57.4,42.6,81,5.1,2.2,0.6,11.1,57.1,8.4,10.2,24.3,0.73,16.8,4842,23.7,4842,6.37,8.91
,7713.702794,10.32590051,25.9,2.7,57.4,42.6,81,5.1,2.2,0.6,11.1,57.1,8.4,10.2,24.3,0.73,16.8,4842,23.7,4842,6.37,8.91
,8704.484783,10.77186964,25.9,2.7,57.4,42.6,81,5.1,2.2,0.6,11.1,57.1,8.4,10.2,24.3,0.73,16.8,4842,23.7,4842,6.37,8.91
,9745.712864,11.32075472,25.9,2.7,57.4,42.6,81,5.1,2.2,0.6,11.1,57.1,8.4,10.2,24.3,0.73,16.8,4842,23.7,4842,6.37,8.91
,10719.53552,11.56089194,25.9,2.7,57.4,42.6,81,5.1,2.2,0.6,11.1,57.1,8.4,10.2,24.3,0.73,16.8,4842,23.7,4842,6.37,8.91
,11710.00078,11.62950257,25.9,2.7,57.4,42.6,81,5.1,2.2,0.6,11.1,57.1,8.4,10.2,24.3,0.73,16.8,4842,23.7,4842,6.37,8.91
,12734.3847,12.10977702,25.9,2.7,57.4,42.6,81,5.1,2.2,0.6,11.1,57.1,8.4,10.2,24.3,0.73,16.8,4842,23.7,4842,6.37,8.91
BH C/20,355.5018138,2.31433506,19.5,2.4,58.1,41.9,82,5.6,2.6,0.4,9.4,38.4,30.8,17,13.8,0.76,19.6,3420,25.3,3420,5.72,7.32
,829.5042322,4.248704663,19.5,2.4,58.1,41.9,82,5.6,2.6,0.4,9.4,38.4,30.8,17,13.8,0.76,19.6,3420,25.3,3420,5.72,7.32
,1743.651753,6.321243523,19.5,2.4,58.1,41.9,82,5.6,2.6,0.4,9.4,38.4,30.8,17,13.8,0.76,19.6,3420,25.3,3420,5.72,7.32
,2725.513906,8.082901554,19.5,2.4,58.1,41.9,82,5.6,2.6,0.4,9.4,38.4,30.8,17,13.8,0.76,19.6,3420,25.3,3420,5.72,7.32
,3690.4474,9.568221071,19.5,2.4,58.1,41.9,82,5.6,2.6,0.4,9.4,38.4,30.8,17,13.8,0.76,19.6,3420,25.3,3420,5.72,7.32
,4689.23821,10.91537133,19.5,2.4,58.1,41.9,82,5.6,2.6,0.4,9.4,38.4,30.8,17,13.8,0.76,19.6,3420,25.3,3420,5.72,7.32
,5721.886336,11.95164076,19.5,2.4,58.1,41.9,82,5.6,2.6,0.4,9.4,38.4,30.8,17,13.8,0.76,19.6,3420,25.3,3420,5.72,7.32
,6754.534462,12.74611399,19.5,2.4,58.1,41.9,82,5.6,2.6,0.4,9.4,38.4,30.8,17,13.8,0.76,19.6,3420,25.3,3420,5.72,7.32
,7736.396614,13.36787565,19.5,2.4,58.1,41.9,82,5.6,2.6,0.4,9.4,38.4,30.8,17,13.8,0.76,19.6,3420,25.3,3420,5.72,7.32
,8718.258767,14.30051813,19.5,2.4,58.1,41.9,82,5.6,2.6,0.4,9.4,38.4,30.8,17,13.8,0.76,19.6,3420,25.3,3420,5.72,7.32
,9750.906892,14.50777202,19.5,2.4,58.1,41.9,82,5.6,2.6,0.4,9.4,38.4,30.8,17,13.8,0.76,19.6,3420,25.3,3420,5.72,7.32
,10715.84039,15.06044905,19.5,2.4,58.1,41.9,82,5.6,2.6,0.4,9.4,38.4,30.8,17,13.8,0.76,19.6,3420,25.3,3420,5.72,7.32
,11748.48851,15.16407599,19.5,2.4,58.1,41.9,82,5.6,2.6,0.4,9.4,38.4,30.8,17,13.8,0.76,19.6,3420,25.3,3420,5.72,7.32
,12730.35067,15.75129534,19.5,2.4,58.1,41.9,82,5.6,2.6,0.4,9.4,38.4,30.8,17,13.8,0.76,19.6,3420,25.3,3420,5.72,7.32
BH C/25,816.5113465,3.763097743,24.6,2.2,63.5,36.5,85.3,5.4,2.2,0.5,6.6,77.1,6,7.1,9.8,0.82,19.6,4194,26.8,4194,8.24,12.41
,1754.450818,5.764237789,24.6,2.2,63.5,36.5,85.3,5.4,2.2,0.5,6.6,77.1,6,7.1,9.8,0.82,19.6,4194,26.8,4194,8.24,12.41
,2707.635087,7.627170963,24.6,2.2,63.5,36.5,85.3,5.4,2.2,0.5,6.6,77.1,6,7.1,9.8,0.82,19.6,4194,26.8,4194,8.24,12.41
,3706.606773,9.144568023,24.6,2.2,63.5,36.5,85.3,5.4,2.2,0.5,6.6,77.1,6,7.1,9.8,0.82,19.6,4194,26.8,4194,8.24,12.41
,4689.882946,10.21295372,24.6,2.2,63.5,36.5,85.3,5.4,2.2,0.5,6.6,77.1,6,7.1,9.8,0.82,19.6,4194,26.8,4194,8.24,12.41
,5688.403917,11.14313255,24.6,2.2,63.5,36.5,85.3,5.4,2.2,0.5,6.6,77.1,6,7.1,9.8,0.82,19.6,4194,26.8,4194,8.24,12.41
,6656.249704,12.10792938,24.6,2.2,63.5,36.5,85.3,5.4,2.2,0.5,6.6,77.1,6,7.1,9.8,0.82,19.6,4194,26.8,4194,8.24,12.41
,7669.750345,12.55447885,24.6,2.2,63.5,36.5,85.3,5.4,2.2,0.5,6.6,77.1,6,7.1,9.8,0.82,19.6,4194,26.8,4194,8.24,12.41
,8683.357037,13.13919731,24.6,2.2,63.5,36.5,85.3,5.4,2.2,0.5,6.6,77.1,6,7.1,9.8,0.82,19.6,4194,26.8,4194,8.24,12.41
,9697.06978,13.86208477,24.6,2.2,63.5,36.5,85.3,5.4,2.2,0.5,6.6,77.1,6,7.1,9.8,0.82,19.6,4194,26.8,4194,8.24,12.41
,10725.62963,13.92863162,24.6,2.2,63.5,36.5,85.3,5.4,2.2,0.5,6.6,77.1,6,7.1,9.8,0.82,19.6,4194,26.8,4194,8.24,12.41
,11708.4816,14.44434134,24.6,2.2,63.5,36.5,85.3,5.4,2.2,0.5,6.6,77.1,6,7.1,9.8,0.82,19.6,4194,26.8,4194,8.24,12.41
,12706.57837,14.82184418,24.6,2.2,63.5,36.5,85.3,5.4,2.2,0.5,6.6,77.1,6,7.1,9.8,0.82,19.6,4194,26.8,4194,8.24,12.41
BH C/26,334.0563991,2.997483435,22.5,1.1,67,33,86.8,5.5,1.7,0.5,5.5,61.9,4.8,15.3,30.9,0.87,22.5,2451,29.8,2451,4.86,8.24
,789.5878525,5.279168684,22.5,1.1,67,33,86.8,5.5,1.7,0.5,5.5,61.9,4.8,15.3,30.9,0.87,22.5,2451,29.8,2451,4.86,8.24
,1655.097614,8.820503535,22.5,1.1,67,33,86.8,5.5,1.7,0.5,5.5,61.9,4.8,15.3,30.9,0.87,22.5,2451,29.8,2451,4.86,8.24
,2672.451193,11.20303614,22.5,1.1,67,33,86.8,5.5,1.7,0.5,5.5,61.9,4.8,15.3,30.9,0.87,22.5,2451,29.8,2451,4.86,8.24
,3659.436009,13.44935645,22.5,1.1,67,33,86.8,5.5,1.7,0.5,5.5,61.9,4.8,15.3,30.9,0.87,22.5,2451,29.8,2451,4.86,8.24
,4676.789588,14.80974254,22.5,1.1,67,33,86.8,5.5,1.7,0.5,5.5,61.9,4.8,15.3,30.9,0.87,22.5,2451,29.8,2451,4.86,8.24
,5678.958785,15.72723544,22.5,1.1,67,33,86.8,5.5,1.7,0.5,5.5,61.9,4.8,15.3,30.9,0.87,22.5,2451,29.8,2451,4.86,8.24
,6681.127983,16.44029903,22.5,1.1,67,33,86.8,5.5,1.7,0.5,5.5,61.9,4.8,15.3,30.9,0.87,22.5,2451,29.8,2451,4.86,8.24
,7713.665944,17.15328872,22.5,1.1,67,33,86.8,5.5,1.7,0.5,5.5,61.9,4.8,15.3,30.9,0.87,22.5,2451,29.8,2451,4.86,8.24
,8685.466377,17.38942452,22.5,1.1,67,33,86.8,5.5,1.7,0.5,5.5,61.9,4.8,15.3,30.9,0.87,22.5,2451,29.8,2451,4.86,8.24
,9702.819957,18.06837961,22.5,1.1,67,33,86.8,5.5,1.7,0.5,5.5,61.9,4.8,15.3,30.9,0.87,22.5,2451,29.8,2451,4.86,8.24
,10689.80477,18.2022638,22.5,1.1,67,33,86.8,5.5,1.7,0.5,5.5,61.9,4.8,15.3,30.9,0.87,22.5,2451,29.8,2451,4.86,8.24
,11691.97397,18.50646879,22.5,1.1,67,33,86.8,5.5,1.7,0.5,5.5,61.9,4.8,15.3,30.9,0.87,22.5,2451,29.8,2451,4.86,8.24
,12694.14317,18.60624448,22.5,1.1,67,33,86.8,5.5,1.7,0.5,5.5,61.9,4.8,15.3,30.9,0.87,22.5,2451,29.8,2451,4.86,8.24
BH D/6,406.779661,1.000765284,22.5,3.8,60.4,39.6,79.2,5.7,2.7,0.5,11.9,54.9,17.9,4.5,22.7,0.69,17.2,6010,23.7,6010,2.24,3.08
,847.4576271,2.31228594,22.5,3.8,60.4,39.6,79.2,5.7,2.7,0.5,11.9,54.9,17.9,4.5,22.7,0.69,17.2,6010,23.7,6010,2.24,3.08
,1728.813559,4.106311709,22.5,3.8,60.4,39.6,79.2,5.7,2.7,0.5,11.9,54.9,17.9,4.5,22.7,0.69,17.2,6010,23.7,6010,2.24,3.08
,2694.915254,5.520162926,22.5,3.8,60.4,39.6,79.2,5.7,2.7,0.5,11.9,54.9,17.9,4.5,22.7,0.69,17.2,6010,23.7,6010,2.24,3.08
,3694.915254,6.588507362,22.5,3.8,60.4,39.6,79.2,5.7,2.7,0.5,11.9,54.9,17.9,4.5,22.7,0.69,17.2,6010,23.7,6010,2.24,3.08
,4728.813559,7.518598904,22.5,3.8,60.4,39.6,79.2,5.7,2.7,0.5,11.9,54.9,17.9,4.5,22.7,0.69,17.2,6010,23.7,6010,2.24,3.08
,5728.813559,8.310604825,22.5,3.8,60.4,39.6,79.2,5.7,2.7,0.5,11.9,54.9,17.9,4.5,22.7,0.69,17.2,6010,23.7,6010,2.24,3.08
,6745.762712,8.929857356,22.5,3.8,60.4,39.6,79.2,5.7,2.7,0.5,11.9,54.9,17.9,4.5,22.7,0.69,17.2,6010,23.7,6010,2.24,3.08
,7745.762712,9.514609392,22.5,3.8,60.4,39.6,79.2,5.7,2.7,0.5,11.9,54.9,17.9,4.5,22.7,0.69,17.2,6010,23.7,6010,2.24,3.08
,8762.711864,10.16840424,22.5,3.8,60.4,39.6,79.2,5.7,2.7,0.5,11.9,54.9,17.9,4.5,22.7,0.69,17.2,6010,23.7,6010,2.24,3.08
,9779.661017,10.40769131,22.5,3.8,60.4,39.6,79.2,5.7,2.7,0.5,11.9,54.9,17.9,4.5,22.7,0.69,17.2,6010,23.7,6010,2.24,3.08
,10711.86441,10.95806831,22.5,3.8,60.4,39.6,79.2,5.7,2.7,0.5,11.9,54.9,17.9,4.5,22.7,0.69,17.2,6010,23.7,6010,2.24,3.08
,11694.91525,11.50831985,22.5,3.8,60.4,39.6,79.2,5.7,2.7,0.5,11.9,54.9,17.9,4.5,22.7,0.69,17.2,6010,23.7,6010,2.24,3.08
,12694.91525,11.885818,22.5,3.8,60.4,39.6,79.2,5.7,2.7,0.5,11.9,54.9,17.9,4.5,22.7,0.69,17.2,6010,23.7,6010,2.24,3.08
BH D/9,393.6430318,0.980004103,21.6,3.4,57.7,42.3,80.1,5.3,2.3,0.5,11.8,65.8,11.3,9.4,13.5,0.72,17.6,5502,23.4,5502,3.45,4.6
,855.7457213,2.48465471,21.6,3.4,57.7,42.3,80.1,5.3,2.3,0.5,11.8,65.8,11.3,9.4,13.5,0.72,17.6,5502,23.4,5502,3.45,4.6
,1779.9511,4.340109768,21.6,3.4,57.7,42.3,80.1,5.3,2.3,0.5,11.8,65.8,11.3,9.4,13.5,0.72,17.6,5502,23.4,5502,3.45,4.6
,2721.271394,5.880922256,21.6,3.4,57.7,42.3,80.1,5.3,2.3,0.5,11.8,65.8,11.3,9.4,13.5,0.72,17.6,5502,23.4,5502,3.45,4.6
,3748.166259,7.142228187,21.6,3.4,57.7,42.3,80.1,5.3,2.3,0.5,11.8,65.8,11.3,9.4,13.5,0.72,17.6,5502,23.4,5502,3.45,4.6
,4740.831296,8.33351856,21.6,3.4,57.7,42.3,80.1,5.3,2.3,0.5,11.8,65.8,11.3,9.4,13.5,0.72,17.6,5502,23.4,5502,3.45,4.6
,5819.070905,9.42012755,21.6,3.4,57.7,42.3,80.1,5.3,2.3,0.5,11.8,65.8,11.3,9.4,13.5,0.72,17.6,5502,23.4,5502,3.45,4.6
,7753.056235,10.50887377,21.6,3.4,57.7,42.3,80.1,5.3,2.3,0.5,11.8,65.8,11.3,9.4,13.5,0.72,17.6,5502,23.4,5502,3.45,4.6
,8745.721271,10.89596833,21.6,3.4,57.7,42.3,80.1,5.3,2.3,0.5,11.8,65.8,11.3,9.4,13.5,0.72,17.6,5502,23.4,5502,3.45,4.6
,9789.731051,11.2482261,21.6,3.4,57.7,42.3,80.1,5.3,2.3,0.5,11.8,65.8,11.3,9.4,13.5,0.72,17.6,5502,23.4,5502,3.45,4.6
,10782.39609,11.63532067,21.6,3.4,57.7,42.3,80.1,5.3,2.3,0.5,11.8,65.8,11.3,9.4,13.5,0.72,17.6,5502,23.4,5502,3.45,4.6
,11740.8313,11.81253954,21.6,3.4,57.7,42.3,80.1,5.3,2.3,0.5,11.8,65.8,11.3,9.4,13.5,0.72,17.6,5502,23.4,5502,3.45,4.6
,12750.61125,12.19967685,21.6,3.4,57.7,42.3,80.1,5.3,2.3,0.5,11.8,65.8,11.3,9.4,13.5,0.72,17.6,5502,23.4,5502,3.45,4.6
BH D/11,353.2666148,0.89193825,26.1,3.8,57.5,42.5,80.6,5,2.5,0.6,11.3,57.7,13,10,19.2,0.74,15.6,5843,22.3,5843,3.02,4.31
,857.9578875,2.195540309,26.1,3.8,57.5,42.5,80.6,5,2.5,0.6,11.3,57.7,13,10,19.2,0.74,15.6,5843,22.3,5843,3.02,4.31
,1748.625114,3.361921098,26.1,3.8,57.5,42.5,80.6,5,2.5,0.6,11.3,57.7,13,10,19.2,0.74,15.6,5843,22.3,5843,3.02,4.31
,2689.939986,4.87135506,26.1,3.8,57.5,42.5,80.6,5,2.5,0.6,11.3,57.7,13,10,19.2,0.74,15.6,5843,22.3,5843,3.02,4.31
,3731.599969,5.934819897,26.1,3.8,57.5,42.5,80.6,5,2.5,0.6,11.3,57.7,13,10,19.2,0.74,15.6,5843,22.3,5843,3.02,4.31
,4706.027288,6.895368782,26.1,3.8,57.5,42.5,80.6,5,2.5,0.6,11.3,57.7,13,10,19.2,0.74,15.6,5843,22.3,5843,3.02,4.31
,5713.854988,7.650085763,26.1,3.8,57.5,42.5,80.6,5,2.5,0.6,11.3,57.7,13,10,19.2,0.74,15.6,5843,22.3,5843,3.02,4.31
,6654.363645,8.19897084,26.1,3.8,57.5,42.5,80.6,5,2.5,0.6,11.3,57.7,13,10,19.2,0.74,15.6,5843,22.3,5843,3.02,4.31
,7695.620519,8.782161235,26.1,3.8,57.5,42.5,80.6,5,2.5,0.6,11.3,57.7,13,10,19.2,0.74,15.6,5843,22.3,5843,3.02,4.31
,8720.23479,9.536878216,26.1,3.8,57.5,42.5,80.6,5,2.5,0.6,11.3,57.7,13,10,19.2,0.74,15.6,5843,22.3,5843,3.02,4.31
,9710.959191,9.914236707,26.1,3.8,57.5,42.5,80.6,5,2.5,0.6,11.3,57.7,13,10,19.2,0.74,15.6,5843,22.3,5843,3.02,4.31
,10701.6548,10.25728988,26.1,3.8,57.5,42.5,80.6,5,2.5,0.6,11.3,57.7,13,10,19.2,0.74,15.6,5843,22.3,5843,3.02,4.31
,11708.93542,10.36020583,26.1,3.8,57.5,42.5,80.6,5,2.5,0.6,11.3,57.7,13,10,19.2,0.74,15.6,5843,22.3,5843,3.02,4.31
,12733.11779,10.60034305,26.1,3.8,57.5,42.5,80.6,5,2.5,0.6,11.3,57.7,13,10,19.2,0.74,15.6,5843,22.3,5843,3.02,4.31
BH D/14,321.8973846,0.75862069,32.6,4,55.5,44.5,80.1,4.8,3.2,0.6,11.3,70.8,7.7,5.1,16.4,0.86,14.4,7333,19.4,7333,4.07,6.86
,829.7851074,1.517241379,32.6,4,55.5,44.5,80.1,4.8,3.2,0.6,11.3,70.8,7.7,5.1,16.4,0.86,14.4,7333,19.4,7333,4.07,6.86
,1709.682659,2.310344828,32.6,4,55.5,44.5,80.1,4.8,3.2,0.6,11.3,70.8,7.7,5.1,16.4,0.86,14.4,7333,19.4,7333,4.07,6.86
,2707.879394,3.034482759,32.6,4,55.5,44.5,80.1,4.8,3.2,0.6,11.3,70.8,7.7,5.1,16.4,0.86,14.4,7333,19.4,7333,4.07,6.86
,3706.046977,3.724137931,32.6,4,55.5,44.5,80.1,4.8,3.2,0.6,11.3,70.8,7.7,5.1,16.4,0.86,14.4,7333,19.4,7333,4.07,6.86
,4704.331168,4.551724138,32.6,4,55.5,44.5,80.1,4.8,3.2,0.6,11.3,70.8,7.7,5.1,16.4,0.86,14.4,7333,19.4,7333,4.07,6.86
,5702.527903,5.275862069,32.6,4,55.5,44.5,80.1,4.8,3.2,0.6,11.3,70.8,7.7,5.1,16.4,0.86,14.4,7333,19.4,7333,4.07,6.86
,6700.637181,5.896551724,32.6,4,55.5,44.5,80.1,4.8,3.2,0.6,11.3,70.8,7.7,5.1,16.4,0.86,14.4,7333,19.4,7333,4.07,6.86
,7698.367483,6.068965517,32.6,4,55.5,44.5,80.1,4.8,3.2,0.6,11.3,70.8,7.7,5.1,16.4,0.86,14.4,7333,19.4,7333,4.07,6.86
,8713.32667,6.620689655,32.6,4,55.5,44.5,80.1,4.8,3.2,0.6,11.3,70.8,7.7,5.1,16.4,0.86,14.4,7333,19.4,7333,4.07,6.86
,9728.081792,6.931034483,32.6,4,55.5,44.5,80.1,4.8,3.2,0.6,11.3,70.8,7.7,5.1,16.4,0.86,14.4,7333,19.4,7333,4.07,6.86
,10708.99134,7.206896552,32.6,4,55.5,44.5,80.1,4.8,3.2,0.6,11.3,70.8,7.7,5.1,16.4,0.86,14.4,7333,19.4,7333,4.07,6.86
,11723.77561,7.551724138,32.6,4,55.5,44.5,80.1,4.8,3.2,0.6,11.3,70.8,7.7,5.1,16.4,0.86,14.4,7333,19.4,7333,4.07,6.86
,12738.61819,7.965517241,32.6,4,55.5,44.5,80.1,4.8,3.2,0.6,11.3,70.8,7.7,5.1,16.4,0.86,14.4,7333,19.4,7333,4.07,6.86
BH D/15,372.4304716,1.727115717,22,3.1,55.7,44.3,80.8,5.8,2.8,0.5,10.1,61.7,16.6,8.4,13.3,0.75,18.5,4128,24.8,4128,3.31,4.42
,897.2188634,3.385146805,22,3.1,55.7,44.3,80.8,5.8,2.8,0.5,10.1,61.7,16.6,8.4,13.3,0.75,18.5,4128,24.8,4128,3.31,4.42
,1760.580411,5.526770294,22,3.1,55.7,44.3,80.8,5.8,2.8,0.5,10.1,61.7,16.6,8.4,13.3,0.75,18.5,4128,24.8,4128,3.31,4.42
,2708.585248,7.288428325,22,3.1,55.7,44.3,80.8,5.8,2.8,0.5,10.1,61.7,16.6,8.4,13.3,0.75,18.5,4128,24.8,4128,3.31,4.42
,3707.376058,8.773747841,22,3.1,55.7,44.3,80.8,5.8,2.8,0.5,10.1,61.7,16.6,8.4,13.3,0.75,18.5,4128,24.8,4128,3.31,4.42
,4723.095526,9.844559585,22,3.1,55.7,44.3,80.8,5.8,2.8,0.5,10.1,61.7,16.6,8.4,13.3,0.75,18.5,4128,24.8,4128,3.31,4.42
,5755.743652,10.77720207,22,3.1,55.7,44.3,80.8,5.8,2.8,0.5,10.1,61.7,16.6,8.4,13.3,0.75,18.5,4128,24.8,4128,3.31,4.42
,6754.534462,11.46804836,22,3.1,55.7,44.3,80.8,5.8,2.8,0.5,10.1,61.7,16.6,8.4,13.3,0.75,18.5,4128,24.8,4128,3.31,4.42
,7736.396614,12.02072539,22,3.1,55.7,44.3,80.8,5.8,2.8,0.5,10.1,61.7,16.6,8.4,13.3,0.75,18.5,4128,24.8,4128,3.31,4.42
,8785.973398,12.5388601,22,3.1,55.7,44.3,80.8,5.8,2.8,0.5,10.1,61.7,16.6,8.4,13.3,0.75,18.5,4128,24.8,4128,3.31,4.42
,9733.978235,12.95336788,22,3.1,55.7,44.3,80.8,5.8,2.8,0.5,10.1,61.7,16.6,8.4,13.3,0.75,18.5,4128,24.8,4128,3.31,4.42
,10800.48368,13.36787565,22,3.1,55.7,44.3,80.8,5.8,2.8,0.5,10.1,61.7,16.6,8.4,13.3,0.75,18.5,4128,24.8,4128,3.31,4.42
,11748.48851,13.74784111,22,3.1,55.7,44.3,80.8,5.8,2.8,0.5,10.1,61.7,16.6,8.4,13.3,0.75,18.5,4128,24.8,4128,3.31,4.42
,12781.13664,13.98963731,22,3.1,55.7,44.3,80.8,5.8,2.8,0.5,10.1,61.7,16.6,8.4,13.3,0.75,18.5,4128,24.8,4128,3.31,4.42
BH D/16,348.1380607,1.247093208,23.2,3.4,58,42,83.2,5.7,2.5,0.5,8.1,75.2,11.4,5.9,7.4,0.8,17.4,4899,23.8,4899,4.95,6.74
,845.0640291,2.527514972,23.2,3.4,58,42,83.2,5.7,2.5,0.5,8.1,75.2,11.4,5.9,7.4,0.8,17.4,4899,23.8,4899,4.95,6.74
,1739.157269,4.380335754,23.2,3.4,58,42,83.2,5.7,2.5,0.5,8.1,75.2,11.4,5.9,7.4,0.8,17.4,4899,23.8,4899,4.95,6.74
,2682.837188,6.23303708,23.2,3.4,58,42,83.2,5.7,2.5,0.5,8.1,75.2,11.4,5.9,7.4,0.8,17.4,4899,23.8,4899,4.95,6.74
,3708.65985,7.478457887,23.2,3.4,58,42,83.2,5.7,2.5,0.5,8.1,75.2,11.4,5.9,7.4,0.8,17.4,4899,23.8,4899,4.95,6.74
,4717.619139,8.319197566,23.2,3.4,58,42,83.2,5.7,2.5,0.5,8.1,75.2,11.4,5.9,7.4,0.8,17.4,4899,23.8,4899,4.95,6.74
,5693.632136,9.294923866,23.2,3.4,58,42,83.2,5.7,2.5,0.5,8.1,75.2,11.4,5.9,7.4,0.8,17.4,4899,23.8,4899,4.95,6.74
,6735.56559,10.03440367,23.2,3.4,58,42,83.2,5.7,2.5,0.5,8.1,75.2,11.4,5.9,7.4,0.8,17.4,4899,23.8,4899,4.95,6.74
,7694.743087,10.63917559,23.2,3.4,58,42,83.2,5.7,2.5,0.5,8.1,75.2,11.4,5.9,7.4,0.8,17.4,4899,23.8,4899,4.95,6.74
,8703.31215,11.00774083,23.2,3.4,58,42,83.2,5.7,2.5,0.5,8.1,75.2,11.4,5.9,7.4,0.8,17.4,4899,23.8,4899,4.95,6.74
,9728.465851,11.44371974,23.2,3.4,58,42,83.2,5.7,2.5,0.5,8.1,75.2,11.4,5.9,7.4,0.8,17.4,4899,23.8,4899,4.95,6.74
,10670.97509,11.87989774,23.2,3.4,58,42,83.2,5.7,2.5,0.5,8.1,75.2,11.4,5.9,7.4,0.8,17.4,4899,23.8,4899,4.95,6.74
,11646.51424,12.28226937,23.2,3.4,58,42,83.2,5.7,2.5,0.5,8.1,75.2,11.4,5.9,7.4,0.8,17.4,4899,23.8,4899,4.95,6.74
,12704.64211,12.6169884,23.2,3.4,58,42,83.2,5.7,2.5,0.5,8.1,75.2,11.4,5.9,7.4,0.8,17.4,4899,23.8,4899,4.95,6.74
BH D/17,369.9846037,2.002541431,16.1,3.3,62.1,37.9,82.5,5.1,2.1,0.4,9.9,61.8,15.9,8.8,13.5,0.72,20.6,3637,25.7,3637,5.39,6.68
,832.1273215,4.108482357,16.1,3.3,62.1,37.9,82.5,5.1,2.1,0.4,9.9,61.8,15.9,8.8,13.5,0.72,20.6,3637,25.7,3637,5.39,6.68
,1739.7893,6.662374136,16.1,3.3,62.1,37.9,82.5,5.1,2.1,0.4,9.9,61.8,15.9,8.8,13.5,0.72,20.6,3637,25.7,3637,5.39,6.68
,2708.138828,8.283473693,16.1,3.3,62.1,37.9,82.5,5.1,2.1,0.4,9.9,61.8,15.9,8.8,13.5,0.72,20.6,3637,25.7,3637,5.39,6.68
,3737.971287,10.0080485,16.1,3.3,62.1,37.9,82.5,5.1,2.1,0.4,9.9,61.8,15.9,8.8,13.5,0.72,20.6,3637,25.7,3637,5.39,6.68
,4721.433049,11.31822994,16.1,3.3,62.1,37.9,82.5,5.1,2.1,0.4,9.9,61.8,15.9,8.8,13.5,0.72,20.6,3637,25.7,3637,5.39,6.68
,5750.708741,12.31741751,16.1,3.3,62.1,37.9,82.5,5.1,2.1,0.4,9.9,61.8,15.9,8.8,13.5,0.72,20.6,3637,25.7,3637,5.39,6.68
,6718.528015,13.24767209,16.1,3.3,62.1,37.9,82.5,5.1,2.1,0.4,9.9,61.8,15.9,8.8,13.5,0.72,20.6,3637,25.7,3637,5.39,6.68
,7701.6186,14.07426205,16.1,3.3,62.1,37.9,82.5,5.1,2.1,0.4,9.9,61.8,15.9,8.8,13.5,0.72,20.6,3637,25.7,3637,5.39,6.68
,8914.733292,14.58940363,16.1,3.3,62.1,37.9,82.5,5.1,2.1,0.4,9.9,61.8,15.9,8.8,13.5,0.72,20.6,3637,25.7,3637,5.39,6.68
,9928.393009,15.2432066,16.1,3.3,62.1,37.9,82.5,5.1,2.1,0.4,9.9,61.8,15.9,8.8,13.5,0.72,20.6,3637,25.7,3637,5.39,6.68
,10757.5244,15.48295707,16.1,3.3,62.1,37.9,82.5,5.1,2.1,0.4,9.9,61.8,15.9,8.8,13.5,0.72,20.6,3637,25.7,3637,5.39,6.68
,11709.46257,15.72240455,16.1,3.3,62.1,37.9,82.5,5.1,2.1,0.4,9.9,61.8,15.9,8.8,13.5,0.72,20.6,3637,25.7,3637,5.39,6.68
,12722.77762,15.92715828,16.1,3.3,62.1,37.9,82.5,5.1,2.1,0.4,9.9,61.8,15.9,8.8,13.5,0.72,20.6,3637,25.7,3637,5.39,6.68
BH E/4,331.7535545,0.710659898,29.2,2.7,56.7,43.3,80.3,5.7,2.5,0.5,11,60.5,11.2,7.1,21.2,0.67,14.4,6540,21.2,6540,3.3,4.84
,1691.943128,2.944162437,29.2,2.7,56.7,43.3,80.3,5.7,2.5,0.5,11,60.5,11.2,7.1,21.2,0.67,14.4,6540,21.2,6540,3.3,4.84
,2687.203791,4.027072758,29.2,2.7,56.7,43.3,80.3,5.7,2.5,0.5,11,60.5,11.2,7.1,21.2,0.67,14.4,6540,21.2,6540,3.3,4.84
,3665.876777,5.076142132,29.2,2.7,56.7,43.3,80.3,5.7,2.5,0.5,11,60.5,11.2,7.1,21.2,0.67,14.4,6540,21.2,6540,3.3,4.84
,4694.312796,6.057529611,29.2,2.7,56.7,43.3,80.3,5.7,2.5,0.5,11,60.5,11.2,7.1,21.2,0.67,14.4,6540,21.2,6540,3.3,4.84
,5672.985782,6.903553299,29.2,2.7,56.7,43.3,80.3,5.7,2.5,0.5,11,60.5,11.2,7.1,21.2,0.67,14.4,6540,21.2,6540,3.3,4.84
,6718.009479,7.377326565,29.2,2.7,56.7,43.3,80.3,5.7,2.5,0.5,11,60.5,11.2,7.1,21.2,0.67,14.4,6540,21.2,6540,3.3,4.84
,7680.094787,7.715736041,29.2,2.7,56.7,43.3,80.3,5.7,2.5,0.5,11,60.5,11.2,7.1,21.2,0.67,14.4,6540,21.2,6540,3.3,4.84
,8691.943128,8.087986464,29.2,2.7,56.7,43.3,80.3,5.7,2.5,0.5,11,60.5,11.2,7.1,21.2,0.67,14.4,6540,21.2,6540,3.3,4.84
,9720.379147,8.460236887,29.2,2.7,56.7,43.3,80.3,5.7,2.5,0.5,11,60.5,11.2,7.1,21.2,0.67,14.4,6540,21.2,6540,3.3,4.84
,10682.46445,8.934010152,29.2,2.7,56.7,43.3,80.3,5.7,2.5,0.5,11,60.5,11.2,7.1,21.2,0.67,14.4,6540,21.2,6540,3.3,4.84
,11710.90047,9.204737733,29.2,2.7,56.7,43.3,80.3,5.7,2.5,0.5,11,60.5,11.2,7.1,21.2,0.67,14.4,6540,21.2,6540,3.3,4.84
,12722.74882,9.509306261,29.2,2.7,56.7,43.3,80.3,5.7,2.5,0.5,11,60.5,11.2,7.1,21.2,0.67,14.4,6540,21.2,6540,3.3,4.84
BH E/7,321.8099284,0.655172414,30.8,3.2,48.9,51.1,80.1,5,2,0.5,12.4,58.4,15.7,5.5,13.5,0.66,12.5,7121,19.1,7121,3.63,5.5
,829.4644344,1.137931034,30.8,3.2,48.9,51.1,80.1,5,2,0.5,12.4,58.4,15.7,5.5,13.5,0.66,12.5,7121,19.1,7121,3.63,5.5
,1692.803598,2.344827586,30.8,3.2,48.9,51.1,80.1,5,2,0.5,12.4,58.4,15.7,5.5,13.5,0.66,12.5,7121,19.1,7121,3.63,5.5
,2708.229219,3.448275862,30.8,3.2,48.9,51.1,80.1,5,2,0.5,12.4,58.4,15.7,5.5,13.5,0.66,12.5,7121,19.1,7121,3.63,5.5
,3672.667833,4.24137931,30.8,3.2,48.9,51.1,80.1,5,2,0.5,12.4,58.4,15.7,5.5,13.5,0.66,12.5,7121,19.1,7121,3.63,5.5
,4670.922872,5.034482759,30.8,3.2,48.9,51.1,80.1,5,2,0.5,12.4,58.4,15.7,5.5,13.5,0.66,12.5,7121,19.1,7121,3.63,5.5
,5652.182242,5.724137931,30.8,3.2,48.9,51.1,80.1,5,2,0.5,12.4,58.4,15.7,5.5,13.5,0.66,12.5,7121,19.1,7121,3.63,5.5
,6683.991338,6.206896552,30.8,3.2,48.9,51.1,80.1,5,2,0.5,12.4,58.4,15.7,5.5,13.5,0.66,12.5,7121,19.1,7121,3.63,5.5
,7698.833916,6.620689655,30.8,3.2,48.9,51.1,80.1,5,2,0.5,12.4,58.4,15.7,5.5,13.5,0.66,12.5,7121,19.1,7121,3.63,5.5
,8713.559887,6.896551724,30.8,3.2,48.9,51.1,80.1,5,2,0.5,12.4,58.4,15.7,5.5,13.5,0.66,12.5,7121,19.1,7121,3.63,5.5
,9694.556888,7.275862069,30.8,3.2,48.9,51.1,80.1,5,2,0.5,12.4,58.4,15.7,5.5,13.5,0.66,12.5,7121,19.1,7121,3.63,5.5
,10709.28286,7.551724138,30.8,3.2,48.9,51.1,80.1,5,2,0.5,12.4,58.4,15.7,5.5,13.5,0.66,12.5,7121,19.1,7121,3.63,5.5
,11723.89222,7.689655172,30.8,3.2,48.9,51.1,80.1,5,2,0.5,12.4,58.4,15.7,5.5,13.5,0.66,12.5,7121,19.1,7121,3.63,5.5
,12704.62685,7.75862069,30.8,3.2,48.9,51.1,80.1,5,2,0.5,12.4,58.4,15.7,5.5,13.5,0.66,12.5,7121,19.1,7121,3.63,5.5
BH E/9,372.2721972,0.344827586,37.3,2.3,55.8,44.2,80.8,5.1,2.6,0.6,10.9,57.2,10.9,5.6,26.3,0.69,10.4,7827,17.4,7827,3.07,5.67
,863.2225554,1.068965517,37.3,2.3,55.8,44.2,80.8,5.1,2.6,0.6,10.9,57.2,10.9,5.6,26.3,0.69,10.4,7827,17.4,7827,3.07,5.67
,1726.211894,1.862068966,37.3,2.3,55.8,44.2,80.8,5.1,2.6,0.6,10.9,57.2,10.9,5.6,26.3,0.69,10.4,7827,17.4,7827,3.07,5.67
,2707.617025,2.724137931,37.3,2.3,55.8,44.2,80.8,5.1,2.6,0.6,10.9,57.2,10.9,5.6,26.3,0.69,10.4,7827,17.4,7827,3.07,5.67
,3705.784608,3.413793103,37.3,2.3,55.8,44.2,80.8,5.1,2.6,0.6,10.9,57.2,10.9,5.6,26.3,0.69,10.4,7827,17.4,7827,3.07,5.67
,4687.102282,4.172413793,37.3,2.3,55.8,44.2,80.8,5.1,2.6,0.6,10.9,57.2,10.9,5.6,26.3,0.69,10.4,7827,17.4,7827,3.07,5.67
,5668.215892,4.689655172,37.3,2.3,55.8,44.2,80.8,5.1,2.6,0.6,10.9,57.2,10.9,5.6,26.3,0.69,10.4,7827,17.4,7827,3.07,5.67
,6716.845744,5.068965517,37.3,2.3,55.8,44.2,80.8,5.1,2.6,0.6,10.9,57.2,10.9,5.6,26.3,0.69,10.4,7827,17.4,7827,3.07,5.67
,7697.667833,5.24137931,37.3,2.3,55.8,44.2,80.8,5.1,2.6,0.6,10.9,57.2,10.9,5.6,26.3,0.69,10.4,7827,17.4,7827,3.07,5.67
,8695.398134,5.413793103,37.3,2.3,55.8,44.2,80.8,5.1,2.6,0.6,10.9,57.2,10.9,5.6,26.3,0.69,10.4,7827,17.4,7827,3.07,5.67
,9693.157588,5.620689655,37.3,2.3,55.8,44.2,80.8,5.1,2.6,0.6,10.9,57.2,10.9,5.6,26.3,0.69,10.4,7827,17.4,7827,3.07,5.67
,10724.70431,5.793103448,37.3,2.3,55.8,44.2,80.8,5.1,2.6,0.6,10.9,57.2,10.9,5.6,26.3,0.69,10.4,7827,17.4,7827,3.07,5.67
,11705.64301,6.103448276,37.3,2.3,55.8,44.2,80.8,5.1,2.6,0.6,10.9,57.2,10.9,5.6,26.3,0.69,10.4,7827,17.4,7827,3.07,5.67
,12720.31068,6.310344828,37.3,2.3,55.8,44.2,80.8,5.1,2.6,0.6,10.9,57.2,10.9,5.6,26.3,0.69,10.4,7827,17.4,7827,3.07,5.67
BH E/12,355.5018138,1.519861831,17,1.3,56.4,43.6,80.4,5.1,2.5,0.4,11.6,67.2,8.4,7.9,16.5,0.74,18.8,4280,23.6,4280,3.7,4.49
,863.3615478,3.281519862,17,1.3,56.4,43.6,80.4,5.1,2.5,0.4,11.6,67.2,8.4,7.9,16.5,0.74,18.8,4280,23.6,4280,3.7,4.49
,1760.580411,5.526770294,17,1.3,56.4,43.6,80.4,5.1,2.5,0.4,11.6,67.2,8.4,7.9,16.5,0.74,18.8,4280,23.6,4280,3.7,4.49
,2742.442563,7.150259067,17,1.3,56.4,43.6,80.4,5.1,2.5,0.4,11.6,67.2,8.4,7.9,16.5,0.74,18.8,4280,23.6,4280,3.7,4.49
,3741.233374,8.531951641,17,1.3,56.4,43.6,80.4,5.1,2.5,0.4,11.6,67.2,8.4,7.9,16.5,0.74,18.8,4280,23.6,4280,3.7,4.49
,4740.024184,9.637305699,17,1.3,56.4,43.6,80.4,5.1,2.5,0.4,11.6,67.2,8.4,7.9,16.5,0.74,18.8,4280,23.6,4280,3.7,4.49
,5755.743652,10.77720207,17,1.3,56.4,43.6,80.4,5.1,2.5,0.4,11.6,67.2,8.4,7.9,16.5,0.74,18.8,4280,23.6,4280,3.7,4.49
,6754.534462,11.67530225,17,1.3,56.4,43.6,80.4,5.1,2.5,0.4,11.6,67.2,8.4,7.9,16.5,0.74,18.8,4280,23.6,4280,3.7,4.49
,7770.25393,12.57340242,17,1.3,56.4,43.6,80.4,5.1,2.5,0.4,11.6,67.2,8.4,7.9,16.5,0.74,18.8,4280,23.6,4280,3.7,4.49
,8769.04474,12.71157168,17,1.3,56.4,43.6,80.4,5.1,2.5,0.4,11.6,67.2,8.4,7.9,16.5,0.74,18.8,4280,23.6,4280,3.7,4.49
,9750.906892,13.22970639,17,1.3,56.4,43.6,80.4,5.1,2.5,0.4,11.6,67.2,8.4,7.9,16.5,0.74,18.8,4280,23.6,4280,3.7,4.49
,11731.55985,13.60967185,17,1.3,56.4,43.6,80.4,5.1,2.5,0.4,11.6,67.2,8.4,7.9,16.5,0.74,18.8,4280,23.6,4280,3.7,4.49
,12781.13664,14.05872193,17,1.3,56.4,43.6,80.4,5.1,2.5,0.4,11.6,67.2,8.4,7.9,16.5,0.74,18.8,4280,23.6,4280,3.7,4.49
BH E/14,398.5051924,2.19132263,21.7,1.2,57.6,42.4,83.4,5.9,2.2,0.6,7.9,75.2,11.4,5.9,7.4,0.8,18.8,3297,24.5,3297,4.2,5.41
,829.5943234,3.809171126,21.7,1.2,57.6,42.4,83.4,5.9,2.2,0.6,7.9,75.2,11.4,5.9,7.4,0.8,18.8,3297,24.5,3297,4.2,5.41
,1707.688265,6.302839896,21.7,1.2,57.6,42.4,83.4,5.9,2.2,0.6,7.9,75.2,11.4,5.9,7.4,0.8,18.8,3297,24.5,3297,4.2,5.41
,2717.567374,8.256562181,21.7,1.2,57.6,42.4,83.4,5.9,2.2,0.6,7.9,75.2,11.4,5.9,7.4,0.8,18.8,3297,24.5,3297,4.2,5.41
,3743.668769,9.839250446,21.7,1.2,57.6,42.4,83.4,5.9,2.2,0.6,7.9,75.2,11.4,5.9,7.4,0.8,18.8,3297,24.5,3297,4.2,5.41
,4752.934665,11.05098433,21.7,1.2,57.6,42.4,83.4,5.9,2.2,0.6,7.9,75.2,11.4,5.9,7.4,0.8,18.8,3297,24.5,3297,4.2,5.41
,5695.945623,12.09424376,21.7,1.2,57.6,42.4,83.4,5.9,2.2,0.6,7.9,75.2,11.4,5.9,7.4,0.8,18.8,3297,24.5,3297,4.2,5.41
,6770.936863,12.83364392,21.7,1.2,57.6,42.4,83.4,5.9,2.2,0.6,7.9,75.2,11.4,5.9,7.4,0.8,18.8,3297,24.5,3297,4.2,5.41
,7746.476013,13.23601555,21.7,1.2,57.6,42.4,83.4,5.9,2.2,0.6,7.9,75.2,11.4,5.9,7.4,0.8,18.8,3297,24.5,3297,4.2,5.41
,8722.07091,13.70584066,21.7,1.2,57.6,42.4,83.4,5.9,2.2,0.6,7.9,75.2,11.4,5.9,7.4,0.8,18.8,3297,24.5,3297,4.2,5.41
,9730.639972,14.0744059,21.7,1.2,57.6,42.4,83.4,5.9,2.2,0.6,7.9,75.2,11.4,5.9,7.4,0.8,18.8,3297,24.5,3297,4.2,5.41
,10788.68422,14.3079447,21.7,1.2,57.6,42.4,83.4,5.9,2.2,0.6,7.9,75.2,11.4,5.9,7.4,0.8,18.8,3297,24.5,3297,4.2,5.41
,11747.52724,14.50799567,21.7,1.2,57.6,42.4,83.4,5.9,2.2,0.6,7.9,75.2,11.4,5.9,7.4,0.8,18.8,3297,24.5,3297,4.2,5.41
,12756.17992,14.97774114,21.7,1.2,57.6,42.4,83.4,5.9,2.2,0.6,7.9,75.2,11.4,5.9,7.4,0.8,18.8,3297,24.5,3297,4.2,5.41
BH E/15,369.4543499,1.311696452,20.8,2.6,62.8,37.2,82.7,5.8,1.8,0.6,9.1,64.8,16.7,7.3,11.2,0.74,18.3,3841,23.9,3841,3,4.27
,893.1595363,3.624739371,20.8,2.6,62.8,37.2,82.7,5.8,1.8,0.6,9.1,64.8,16.7,7.3,11.2,0.74,18.3,3841,23.9,3841,3,4.27
,1616.372723,5.868205413,20.8,2.6,62.8,37.2,82.7,5.8,1.8,0.6,9.1,64.8,16.7,7.3,11.2,0.74,18.3,3841,23.9,3841,3,4.27
,2707.714625,7.73079771,20.8,2.6,62.8,37.2,82.7,5.8,1.8,0.6,9.1,64.8,16.7,7.3,11.2,0.74,18.3,3841,23.9,3841,3,4.27
,3691.388489,9.317317143,20.8,2.6,62.8,37.2,82.7,5.8,1.8,0.6,9.1,64.8,16.7,7.3,11.2,0.74,18.3,3841,23.9,3841,3,4.27
,4720.531617,10.14379347,20.8,2.6,62.8,37.2,82.7,5.8,1.8,0.6,9.1,64.8,16.7,7.3,11.2,0.74,18.3,3841,23.9,3841,3,4.27
,5703.595689,10.93584118,20.8,2.6,62.8,37.2,82.7,5.8,1.8,0.6,9.1,64.8,16.7,7.3,11.2,0.74,18.3,3841,23.9,3841,3,4.27
,6701.931071,11.62422427,20.8,2.6,62.8,37.2,82.7,5.8,1.8,0.6,9.1,64.8,16.7,7.3,11.2,0.74,18.3,3841,23.9,3841,3,4.27
,7715.51125,12.17440048,20.8,2.6,62.8,37.2,82.7,5.8,1.8,0.6,9.1,64.8,16.7,7.3,11.2,0.74,18.3,3841,23.9,3841,3,4.27
,8744.283201,12.51728533,20.8,2.6,62.8,37.2,82.7,5.8,1.8,0.6,9.1,64.8,16.7,7.3,11.2,0.74,18.3,3841,23.9,3841,3,4.27
,9727.188197,13.10207954,20.8,2.6,62.8,37.2,82.7,5.8,1.8,0.6,9.1,64.8,16.7,7.3,11.2,0.74,18.3,3841,23.9,3841,3,4.27
,10709.74853,13.23782452,20.8,2.6,62.8,37.2,82.7,5.8,1.8,0.6,9.1,64.8,16.7,7.3,11.2,0.74,18.3,3841,23.9,3841,3,4.27
,11707.92483,13.71895411,20.8,2.6,62.8,37.2,82.7,5.8,1.8,0.6,9.1,64.8,16.7,7.3,11.2,0.74,18.3,3841,23.9,3841,3,4.27
,12721.2664,13.95825009,20.8,2.6,62.8,37.2,82.7,5.8,1.8,0.6,9.1,64.8,16.7,7.3,11.2,0.74,18.3,3841,23.9,3841,3,4.27
BH E/16,563.0434783,1.981493868,20.3,1.6,61.2,38.8,79.2,5.5,2.2,0.5,12.6,77.9,8.4,6.5,7.2,0.73,18.7,3882,23.9,3882,4.68,6.49
,1689.130435,5.363359346,20.3,1.6,61.2,38.8,79.2,5.5,2.2,0.5,12.6,77.9,8.4,6.5,7.2,0.73,18.7,3882,23.9,3882,4.68,6.49
,2678.26087,7.001969528,20.3,1.6,61.2,38.8,79.2,5.5,2.2,0.5,12.6,77.9,8.4,6.5,7.2,0.73,18.7,3882,23.9,3882,4.68,6.49
,3667.391304,8.64057971,20.3,1.6,61.2,38.8,79.2,5.5,2.2,0.5,12.6,77.9,8.4,6.5,7.2,0.73,18.7,3882,23.9,3882,4.68,6.49
,4686.956522,9.903047194,20.3,1.6,61.2,38.8,79.2,5.5,2.2,0.5,12.6,77.9,8.4,6.5,7.2,0.73,18.7,3882,23.9,3882,4.68,6.49
,5691.304348,10.99461167,20.3,1.6,61.2,38.8,79.2,5.5,2.2,0.5,12.6,77.9,8.4,6.5,7.2,0.73,18.7,3882,23.9,3882,4.68,6.49
,6665.217391,11.88112226,20.3,1.6,61.2,38.8,79.2,5.5,2.2,0.5,12.6,77.9,8.4,6.5,7.2,0.73,18.7,3882,23.9,3882,4.68,6.49
,8689.130435,13.20951319,20.3,1.6,61.2,38.8,79.2,5.5,2.2,0.5,12.6,77.9,8.4,6.5,7.2,0.73,18.7,3882,23.9,3882,4.68,6.49
,9708.695652,13.44633965,20.3,1.6,61.2,38.8,79.2,5.5,2.2,0.5,12.6,77.9,8.4,6.5,7.2,0.73,18.7,3882,23.9,3882,4.68,6.49
,10697.82609,13.92255667,20.3,1.6,61.2,38.8,79.2,5.5,2.2,0.5,12.6,77.9,8.4,6.5,7.2,0.73,18.7,3882,23.9,3882,4.68,6.49
,11702.17391,14.05685619,20.3,1.6,61.2,38.8,79.2,5.5,2.2,0.5,12.6,77.9,8.4,6.5,7.2,0.73,18.7,3882,23.9,3882,4.68,6.49
,12736.95652,14.12270531,20.3,1.6,61.2,38.8,79.2,5.5,2.2,0.5,12.6,77.9,8.4,6.5,7.2,0.73,18.7,3882,23.9,3882,4.68,6.49
BH F/07,447.8672986,0.947546531,30.8,2.7,60.2,39.8,78.7,5.6,2.8,0.5,12.4,60.3,12.1,9.2,18.4,0.69,15.1,6057,22.9,6057,4.01,7.1
,845.971564,1.759729272,30.8,2.7,60.2,39.8,78.7,5.6,2.8,0.5,12.4,60.3,12.1,9.2,18.4,0.69,15.1,6057,22.9,6057,4.01,7.1
,1758.293839,3.181049069,30.8,2.7,60.2,39.8,78.7,5.6,2.8,0.5,12.4,60.3,12.1,9.2,18.4,0.69,15.1,6057,22.9,6057,4.01,7.1
,2770.14218,4.771573604,30.8,2.7,60.2,39.8,78.7,5.6,2.8,0.5,12.4,60.3,12.1,9.2,18.4,0.69,15.1,6057,22.9,6057,4.01,7.1
,3848.341232,5.854483926,30.8,2.7,60.2,39.8,78.7,5.6,2.8,0.5,12.4,60.3,12.1,9.2,18.4,0.69,15.1,6057,22.9,6057,4.01,7.1
,4793.838863,6.768189509,30.8,2.7,60.2,39.8,78.7,5.6,2.8,0.5,12.4,60.3,12.1,9.2,18.4,0.69,15.1,6057,22.9,6057,4.01,7.1
,5855.450237,7.377326565,30.8,2.7,60.2,39.8,78.7,5.6,2.8,0.5,12.4,60.3,12.1,9.2,18.4,0.69,15.1,6057,22.9,6057,4.01,7.1
,6850.7109,7.783417936,30.8,2.7,60.2,39.8,78.7,5.6,2.8,0.5,12.4,60.3,12.1,9.2,18.4,0.69,15.1,6057,22.9,6057,4.01,7.1
,7962.085308,8.392554992,30.8,2.7,60.2,39.8,78.7,5.6,2.8,0.5,12.4,60.3,12.1,9.2,18.4,0.69,15.1,6057,22.9,6057,4.01,7.1
,9023.696682,8.934010152,30.8,2.7,60.2,39.8,78.7,5.6,2.8,0.5,12.4,60.3,12.1,9.2,18.4,0.69,15.1,6057,22.9,6057,4.01,7.1
,10068.72038,9.272419628,30.8,2.7,60.2,39.8,78.7,5.6,2.8,0.5,12.4,60.3,12.1,9.2,18.4,0.69,15.1,6057,22.9,6057,4.01,7.1
,11097.1564,9.644670051,30.8,2.7,60.2,39.8,78.7,5.6,2.8,0.5,12.4,60.3,12.1,9.2,18.4,0.69,15.1,6057,22.9,6057,4.01,7.1
,12109.00474,9.983079526,30.8,2.7,60.2,39.8,78.7,5.6,2.8,0.5,12.4,60.3,12.1,9.2,18.4,0.69,15.1,6057,22.9,6057,4.01,7.1
,13021.32701,10.321489,30.8,2.7,60.2,39.8,78.7,5.6,2.8,0.5,12.4,60.3,12.1,9.2,18.4,0.69,15.1,6057,22.9,6057,4.01,7.1
BH F/10,376.5281174,1.364576744,19.4,3.6,57.9,42.1,79.6,5.6,2.3,0.5,12,65.8,11.3,9.4,13.5,0.72,23.9,5019,23.9,5019,5.67,7.4
,821.5158924,2.484569221,19.4,3.6,57.9,42.1,79.6,5.6,2.3,0.5,12,65.8,11.3,9.4,13.5,0.72,23.9,5019,23.9,5019,5.67,7.4
,1745.721271,4.549814489,19.4,3.6,57.9,42.1,79.6,5.6,2.3,0.5,12,65.8,11.3,9.4,13.5,0.72,23.9,5019,23.9,5019,5.67,7.4
,2687.041565,6.265452152,19.4,3.6,57.9,42.1,79.6,5.6,2.3,0.5,12,65.8,11.3,9.4,13.5,0.72,23.9,5019,23.9,5019,5.67,7.4
,3713.93643,7.841443398,19.4,3.6,57.9,42.1,79.6,5.6,2.3,0.5,12,65.8,11.3,9.4,13.5,0.72,23.9,5019,23.9,5019,5.67,7.4
,4723.716381,8.997811479,19.4,3.6,57.9,42.1,79.6,5.6,2.3,0.5,12,65.8,11.3,9.4,13.5,0.72,23.9,5019,23.9,5019,5.67,7.4
,5699.266504,9.909338827,19.4,3.6,57.9,42.1,79.6,5.6,2.3,0.5,12,65.8,11.3,9.4,13.5,0.72,23.9,5019,23.9,5019,5.67,7.4
,6709.046455,10.75102159,19.4,3.6,57.9,42.1,79.6,5.6,2.3,0.5,12,65.8,11.3,9.4,13.5,0.72,23.9,5019,23.9,5019,5.67,7.4
,7684.596577,11.34786363,19.4,3.6,57.9,42.1,79.6,5.6,2.3,0.5,12,65.8,11.3,9.4,13.5,0.72,23.9,5019,23.9,5019,5.67,7.4
,8728.606357,11.56026125,19.4,3.6,57.9,42.1,79.6,5.6,2.3,0.5,12,65.8,11.3,9.4,13.5,0.72,23.9,5019,23.9,5019,5.67,7.4
,9738.386308,11.8774685,19.4,3.6,57.9,42.1,79.6,5.6,2.3,0.5,12,65.8,11.3,9.4,13.5,0.72,23.9,5019,23.9,5019,5.67,7.4
,10696.82152,12.36937268,19.4,3.6,57.9,42.1,79.6,5.6,2.3,0.5,12,65.8,11.3,9.4,13.5,0.72,23.9,5019,23.9,5019,5.67,7.4
,11723.71638,12.7215877,19.4,3.6,57.9,42.1,79.6,5.6,2.3,0.5,12,65.8,11.3,9.4,13.5,0.72,23.9,5019,23.9,5019,5.67,7.4
,12750.61125,13.21366287,19.4,3.6,57.9,42.1,79.6,5.6,2.3,0.5,12,65.8,11.3,9.4,13.5,0.72,23.9,5019,23.9,5019,5.67,7.4
BH F/11,387.9339067,2.195540309,15.4,2.2,58.3,41.7,82,4.8,2.1,0.6,10.5,58.4,17.6,9.9,14.1,0.75,20.9,3516,25.6,3516,7.24,8.78
,876.2417167,3.97941681,15.4,2.2,58.3,41.7,82,4.8,2.1,0.6,10.5,58.4,17.6,9.9,14.1,0.75,20.9,3516,25.6,3516,7.24,8.78
,1734.516332,6.552315609,15.4,2.2,58.3,41.7,82,4.8,2.1,0.6,10.5,58.4,17.6,9.9,14.1,0.75,20.9,3516,25.6,3516,7.24,8.78
,2727.112307,9.159519726,15.4,2.2,58.3,41.7,82,4.8,2.1,0.6,10.5,58.4,17.6,9.9,14.1,0.75,20.9,3516,25.6,3516,7.24,8.78
,3769.175397,10.70325901,15.4,2.2,58.3,41.7,82,4.8,2.1,0.6,10.5,58.4,17.6,9.9,14.1,0.75,20.9,3516,25.6,3516,7.24,8.78
,4743.861857,11.97255575,15.4,2.2,58.3,41.7,82,4.8,2.1,0.6,10.5,58.4,17.6,9.9,14.1,0.75,20.9,3516,25.6,3516,7.24,8.78
,5751.833525,12.89879931,15.4,2.2,58.3,41.7,82,4.8,2.1,0.6,10.5,58.4,17.6,9.9,14.1,0.75,20.9,3516,25.6,3516,7.24,8.78
,6742.932241,13.72212693,15.4,2.2,58.3,41.7,82,4.8,2.1,0.6,10.5,58.4,17.6,9.9,14.1,0.75,20.9,3516,25.6,3516,7.24,8.78
,7784.275496,14.40823328,15.4,2.2,58.3,41.7,82,4.8,2.1,0.6,10.5,58.4,17.6,9.9,14.1,0.75,20.9,3516,25.6,3516,7.24,8.78
,8724.784152,14.95711835,15.4,2.2,58.3,41.7,82,4.8,2.1,0.6,10.5,58.4,17.6,9.9,14.1,0.75,20.9,3516,25.6,3516,7.24,8.78
,9732.323918,15.36878216,15.4,2.2,58.3,41.7,82,4.8,2.1,0.6,10.5,58.4,17.6,9.9,14.1,0.75,20.9,3516,25.6,3516,7.24,8.78
,10773.37924,15.71183533,15.4,2.2,58.3,41.7,82,4.8,2.1,0.6,10.5,58.4,17.6,9.9,14.1,0.75,20.9,3516,25.6,3516,7.24,8.78
,11747.34586,16.12349914,15.4,2.2,58.3,41.7,82,4.8,2.1,0.6,10.5,58.4,17.6,9.9,14.1,0.75,20.9,3516,25.6,3516,7.24,8.78
,12754.85683,16.50085763,15.4,2.2,58.3,41.7,82,4.8,2.1,0.6,10.5,58.4,17.6,9.9,14.1,0.75,20.9,3516,25.6,3516,7.24,8.78
BH F/13,355.5018138,1.347150259,12.8,1.9,56.9,43.1,80.3,4.9,2.7,0.3,11.8,78.5,11.3,4,6.2,0.73,19.8,4182,23.3,4182,5.52,5.56
,829.5042322,2.625215889,12.8,1.9,56.9,43.1,80.3,4.9,2.7,0.3,11.8,78.5,11.3,4,6.2,0.73,19.8,4182,23.3,4182,5.52,5.56
,1692.86578,4.870466321,12.8,1.9,56.9,43.1,80.3,4.9,2.7,0.3,11.8,78.5,11.3,4,6.2,0.73,19.8,4182,23.3,4182,5.52,5.56
,2691.65659,6.493955095,12.8,1.9,56.9,43.1,80.3,4.9,2.7,0.3,11.8,78.5,11.3,4,6.2,0.73,19.8,4182,23.3,4182,5.52,5.56
,3656.590085,7.875647668,12.8,1.9,56.9,43.1,80.3,4.9,2.7,0.3,11.8,78.5,11.3,4,6.2,0.73,19.8,4182,23.3,4182,5.52,5.56
,4655.380895,9.32642487,12.8,1.9,56.9,43.1,80.3,4.9,2.7,0.3,11.8,78.5,11.3,4,6.2,0.73,19.8,4182,23.3,4182,5.52,5.56
,5671.100363,9.8791019,12.8,1.9,56.9,43.1,80.3,4.9,2.7,0.3,11.8,78.5,11.3,4,6.2,0.73,19.8,4182,23.3,4182,5.52,5.56
,6669.891173,10.56994819,12.8,1.9,56.9,43.1,80.3,4.9,2.7,0.3,11.8,78.5,11.3,4,6.2,0.73,19.8,4182,23.3,4182,5.52,5.56
,7668.681983,11.19170984,12.8,1.9,56.9,43.1,80.3,4.9,2.7,0.3,11.8,78.5,11.3,4,6.2,0.73,19.8,4182,23.3,4182,5.52,5.56
,8667.472793,11.98618307,12.8,1.9,56.9,43.1,80.3,4.9,2.7,0.3,11.8,78.5,11.3,4,6.2,0.73,19.8,4182,23.3,4182,5.52,5.56
,9666.263603,12.71157168,12.8,1.9,56.9,43.1,80.3,4.9,2.7,0.3,11.8,78.5,11.3,4,6.2,0.73,19.8,4182,23.3,4182,5.52,5.56
,10681.98307,13.19516408,12.8,1.9,56.9,43.1,80.3,4.9,2.7,0.3,11.8,78.5,11.3,4,6.2,0.73,19.8,4182,23.3,4182,5.52,5.56
,11680.77388,13.64421416,12.8,1.9,56.9,43.1,80.3,4.9,2.7,0.3,11.8,78.5,11.3,4,6.2,0.73,19.8,4182,23.3,4182,5.52,5.56
,12696.49335,13.81692573,12.8,1.9,56.9,43.1,80.3,4.9,2.7,0.3,11.8,78.5,11.3,4,6.2,0.73,19.8,4182,23.3,4182,5.52,5.56
BH F/ 14,380.0217155,2.04778157,17.2,1.8,63.5,36.5,79.8,5.6,2.2,0.4,12,75.4,10.7,5,8.9,0.76,19.5,3758,24.1,3758,5.44,6.4
,851.2486428,3.686006826,17.2,1.8,63.5,36.5,79.8,5.6,2.2,0.4,12,75.4,10.7,5,8.9,0.76,19.5,3758,24.1,3758,5.44,6.4
,1656.89468,6.006825939,17.2,1.8,63.5,36.5,79.8,5.6,2.2,0.4,12,75.4,10.7,5,8.9,0.76,19.5,3758,24.1,3758,5.44,6.4
,2675.352877,7.610921502,17.2,1.8,63.5,36.5,79.8,5.6,2.2,0.4,12,75.4,10.7,5,8.9,0.76,19.5,3758,24.1,3758,5.44,6.4
,3663.409338,9.078498294,17.2,1.8,63.5,36.5,79.8,5.6,2.2,0.4,12,75.4,10.7,5,8.9,0.76,19.5,3758,24.1,3758,5.44,6.4
,4681.867535,10.51194539,17.2,1.8,63.5,36.5,79.8,5.6,2.2,0.4,12,75.4,10.7,5,8.9,0.76,19.5,3758,24.1,3758,5.44,6.4
,5685.124864,11.53583618,17.2,1.8,63.5,36.5,79.8,5.6,2.2,0.4,12,75.4,10.7,5,8.9,0.76,19.5,3758,24.1,3758,5.44,6.4
,6673.181325,12.21843003,17.2,1.8,63.5,36.5,79.8,5.6,2.2,0.4,12,75.4,10.7,5,8.9,0.76,19.5,3758,24.1,3758,5.44,6.4
,7661.237785,12.93515358,17.2,1.8,63.5,36.5,79.8,5.6,2.2,0.4,12,75.4,10.7,5,8.9,0.76,19.5,3758,24.1,3758,5.44,6.4
,8694.896851,13.72013652,17.2,1.8,63.5,36.5,79.8,5.6,2.2,0.4,12,75.4,10.7,5,8.9,0.76,19.5,3758,24.1,3758,5.44,6.4
,9682.953312,14.2662116,17.2,1.8,63.5,36.5,79.8,5.6,2.2,0.4,12,75.4,10.7,5,8.9,0.76,19.5,3758,24.1,3758,5.44,6.4
,10686.21064,14.64163823,17.2,1.8,63.5,36.5,79.8,5.6,2.2,0.4,12,75.4,10.7,5,8.9,0.76,19.5,3758,24.1,3758,5.44,6.4
,11689.46797,14.94880546,17.2,1.8,63.5,36.5,79.8,5.6,2.2,0.4,12,75.4,10.7,5,8.9,0.76,19.5,3758,24.1,3758,5.44,6.4
,12692.7253,15.01706485,17.2,1.8,63.5,36.5,79.8,5.6,2.2,0.4,12,75.4,10.7,5,8.9,0.76,19.5,3758,24.1,3758,5.44,6.4
